"gateway_id","ts_epoch_ms","ac_units","client","gateway","generator","inverters","irradiance_meters","meters","timestamp"
"ESP32-DUMMY-002","802000","[{""M"":{""temperature_c"":{""N"":""22""},""slave_id"":{""N"":""21""},""status"":{""S"":""ok""}}}]","{""client_email"":{""S"":""example@paradise.com""},""site_id"":{""S"":""2""},""client_name"":{""S"":""Paradise Resort""},""client_id"":{""S"":""001""}}","{""firmware"":{""S"":""paradise-esp32-dummy-site2-1.0""},""gateway_id"":{""S"":""ESP32-DUMMY-002""}}","{""status"":{""S"":""off""},""relay_on"":{""BOOL"":false}}","[{""M"":{""mppt_kw"":{""L"":[{""N"":""4.8""},{""N"":""4.6""},{""N"":""4.7""},{""N"":""4.4""}]},""p_total_kw"":{""N"":""18.5""},""battery_current_a"":{""N"":""8.2""},""battery_soc"":{""N"":""58""},""slave_id"":{""N"":""1""},""status"":{""S"":""running""},""battery_status"":{""S"":""charging""}}}]","[{""M"":{""slave_id"":{""N"":""30""},""irradiance_w_per_m2"":{""N"":""650""}}}]","[{""M"":{""p_total_w"":{""N"":""2100""},""kwh_total"":{""N"":""920""},""freq_hz"":{""N"":""50""},""i1"":{""N"":""3.21""},""i2"":{""N"":""3.105""},""i3"":{""N"":""3.32""},""v1"":{""N"":""228.4""},""v2"":{""N"":""229.1""},""v3"":{""N"":""227.9""},""slave_id"":{""N"":""11""}}},{""M"":{""p_total_w"":{""N"":""7500""},""kwh_total"":{""N"":""4800""},""freq_hz"":{""N"":""50""},""i1"":{""N"":""12.45""},""i2"":{""N"":""12.11""},""i3"":{""N"":""12.78""},""tariff"":{""M"":{""kwh_t1"":{""N"":""4100""},""kwh_t2"":{""N"":""700""}}},""v1"":{""N"":""228.4""},""v2"":{""N"":""229.1""},""v3"":{""N"":""227.9""},""slave_id"":{""N"":""12""}}},{""M"":{""p_total_w"":{""N"":""6000""},""kwh_total"":{""N"":""3600""},""freq_hz"":{""N"":""50""},""i1"":{""N"":""9.2""},""i2"":{""N"":""8.95""},""i3"":{""N"":""9.41""},""v1"":{""N"":""228.4""},""v2"":{""N"":""229.1""},""v3"":{""N"":""227.9""},""slave_id"":{""N"":""13""}}}]","{""ts_epoch_ms"":{""N"":""802000""}}"
"ESP32-DUMMY-002","1775858632000","[{""M"":{""temperature_c"":{""N"":""22""},""slave_id"":{""N"":""21""},""status"":{""S"":""ok""}}}]","{""client_email"":{""S"":""example@paradise.com""},""site_id"":{""S"":""2""},""client_name"":{""S"":""Paradise Resort""},""client_id"":{""S"":""001""}}","{""firmware"":{""S"":""paradise-esp32-dummy-site2-1.0""},""gateway_id"":{""S"":""ESP32-DUMMY-002""}}","{""status"":{""S"":""off""},""relay_on"":{""BOOL"":false}}","[{""M"":{""mppt_kw"":{""L"":[{""N"":""4.8""},{""N"":""4.6""},{""N"":""4.7""},{""N"":""4.4""}]},""p_total_kw"":{""N"":""18.5""},""battery_current_a"":{""N"":""8.2""},""battery_soc"":{""N"":""58""},""slave_id"":{""N"":""1""},""status"":{""S"":""running""},""battery_status"":{""S"":""charging""}}}]","[{""M"":{""slave_id"":{""N"":""30""},""irradiance_w_per_m2"":{""N"":""650""}}}]","[{""M"":{""p_total_w"":{""N"":""2100""},""kwh_total"":{""N"":""920""},""freq_hz"":{""N"":""50""},""i1"":{""N"":""3.21""},""i2"":{""N"":""3.105""},""i3"":{""N"":""3.32""},""v1"":{""N"":""228.4""},""v2"":{""N"":""229.1""},""v3"":{""N"":""227.9""},""slave_id"":{""N"":""11""}}},{""M"":{""p_total_w"":{""N"":""7500""},""kwh_total"":{""N"":""4800""},""freq_hz"":{""N"":""50""},""i1"":{""N"":""12.45""},""i2"":{""N"":""12.11""},""i3"":{""N"":""12.78""},""tariff"":{""M"":{""kwh_t1"":{""N"":""4100""},""kwh_t2"":{""N"":""700""}}},""v1"":{""N"":""228.4""},""v2"":{""N"":""229.1""},""v3"":{""N"":""227.9""},""slave_id"":{""N"":""12""}}},{""M"":{""p_total_w"":{""N"":""6000""},""kwh_total"":{""N"":""3600""},""freq_hz"":{""N"":""50""},""i1"":{""N"":""9.2""},""i2"":{""N"":""8.95""},""i3"":{""N"":""9.41""},""v1"":{""N"":""228.4""},""v2"":{""N"":""229.1""},""v3"":{""N"":""227.9""},""slave_id"":{""N"":""13""}}}]","{""ts_epoch_ms"":{""N"":""1775858632000""}}"
"ESP32-DUMMY-002","1775858692000","[{""M"":{""temperature_c"":{""N"":""22""},""slave_id"":{""N"":""21""},""status"":{""S"":""ok""}}}]","{""client_email"":{""S"":""example@paradise.com""},""site_id"":{""S"":""2""},""client_name"":{""S"":""Paradise Resort""},""client_id"":{""S"":""001""}}","{""firmware"":{""S"":""paradise-esp32-dummy-site2-1.0""},""gateway_id"":{""S"":""ESP32-DUMMY-002""}}","{""status"":{""S"":""off""},""relay_on"":{""BOOL"":false}}","[{""M"":{""mppt_kw"":{""L"":[{""N"":""4.8""},{""N"":""4.6""},{""N"":""4.7""},{""N"":""4.4""}]},""p_total_kw"":{""N"":""18.5""},""battery_current_a"":{""N"":""8.2""},""battery_soc"":{""N"":""58""},""slave_id"":{""N"":""1""},""status"":{""S"":""running""},""battery_status"":{""S"":""charging""}}}]","[{""M"":{""slave_id"":{""N"":""30""},""irradiance_w_per_m2"":{""N"":""650""}}}]","[{""M"":{""p_total_w"":{""N"":""2100""},""kwh_total"":{""N"":""920""},""freq_hz"":{""N"":""50""},""i1"":{""N"":""3.21""},""i2"":{""N"":""3.105""},""i3"":{""N"":""3.32""},""v1"":{""N"":""228.4""},""v2"":{""N"":""229.1""},""v3"":{""N"":""227.9""},""slave_id"":{""N"":""11""}}},{""M"":{""p_total_w"":{""N"":""7500""},""kwh_total"":{""N"":""4800""},""freq_hz"":{""N"":""50""},""i1"":{""N"":""12.45""},""i2"":{""N"":""12.11""},""i3"":{""N"":""12.78""},""tariff"":{""M"":{""kwh_t1"":{""N"":""4100""},""kwh_t2"":{""N"":""700""}}},""v1"":{""N"":""228.4""},""v2"":{""N"":""229.1""},""v3"":{""N"":""227.9""},""slave_id"":{""N"":""12""}}},{""M"":{""p_total_w"":{""N"":""6000""},""kwh_total"":{""N"":""3600""},""freq_hz"":{""N"":""50""},""i1"":{""N"":""9.2""},""i2"":{""N"":""8.95""},""i3"":{""N"":""9.41""},""v1"":{""N"":""228.4""},""v2"":{""N"":""229.1""},""v3"":{""N"":""227.9""},""slave_id"":{""N"":""13""}}}]","{""ts_epoch_ms"":{""N"":""1775858692000""}}"
"ESP32-DUMMY-002","1775858752000","[{""M"":{""temperature_c"":{""N"":""22""},""slave_id"":{""N"":""21""},""status"":{""S"":""ok""}}}]","{""client_email"":{""S"":""example@paradise.com""},""site_id"":{""S"":""2""},""client_name"":{""S"":""Paradise Resort""},""client_id"":{""S"":""001""}}","{""firmware"":{""S"":""paradise-esp32-dummy-site2-1.0""},""gateway_id"":{""S"":""ESP32-DUMMY-002""}}","{""status"":{""S"":""off""},""relay_on"":{""BOOL"":false}}","[{""M"":{""mppt_kw"":{""L"":[{""N"":""4.8""},{""N"":""4.6""},{""N"":""4.7""},{""N"":""4.4""}]},""p_total_kw"":{""N"":""18.5""},""battery_current_a"":{""N"":""8.2""},""battery_soc"":{""N"":""58""},""slave_id"":{""N"":""1""},""status"":{""S"":""running""},""battery_status"":{""S"":""charging""}}}]","[{""M"":{""slave_id"":{""N"":""30""},""irradiance_w_per_m2"":{""N"":""650""}}}]","[{""M"":{""p_total_w"":{""N"":""2100""},""kwh_total"":{""N"":""920""},""freq_hz"":{""N"":""50""},""i1"":{""N"":""3.21""},""i2"":{""N"":""3.105""},""i3"":{""N"":""3.32""},""v1"":{""N"":""228.4""},""v2"":{""N"":""229.1""},""v3"":{""N"":""227.9""},""slave_id"":{""N"":""11""}}},{""M"":{""p_total_w"":{""N"":""7500""},""kwh_total"":{""N"":""4800""},""freq_hz"":{""N"":""50""},""i1"":{""N"":""12.45""},""i2"":{""N"":""12.11""},""i3"":{""N"":""12.78""},""tariff"":{""M"":{""kwh_t1"":{""N"":""4100""},""kwh_t2"":{""N"":""700""}}},""v1"":{""N"":""228.4""},""v2"":{""N"":""229.1""},""v3"":{""N"":""227.9""},""slave_id"":{""N"":""12""}}},{""M"":{""p_total_w"":{""N"":""6000""},""kwh_total"":{""N"":""3600""},""freq_hz"":{""N"":""50""},""i1"":{""N"":""9.2""},""i2"":{""N"":""8.95""},""i3"":{""N"":""9.41""},""v1"":{""N"":""228.4""},""v2"":{""N"":""229.1""},""v3"":{""N"":""227.9""},""slave_id"":{""N"":""13""}}}]","{""ts_epoch_ms"":{""N"":""1775858752000""}}"
"ESP32-DUMMY-002","1775858812000","[{""M"":{""temperature_c"":{""N"":""22""},""slave_id"":{""N"":""21""},""status"":{""S"":""ok""}}}]","{""client_email"":{""S"":""example@paradise.com""},""site_id"":{""S"":""2""},""client_name"":{""S"":""Paradise Resort""},""client_id"":{""S"":""001""}}","{""firmware"":{""S"":""paradise-esp32-dummy-site2-1.0""},""gateway_id"":{""S"":""ESP32-DUMMY-002""}}","{""status"":{""S"":""off""},""relay_on"":{""BOOL"":false}}","[{""M"":{""mppt_kw"":{""L"":[{""N"":""4.8""},{""N"":""4.6""},{""N"":""4.7""},{""N"":""4.4""}]},""p_total_kw"":{""N"":""18.5""},""battery_current_a"":{""N"":""8.2""},""battery_soc"":{""N"":""58""},""slave_id"":{""N"":""1""},""status"":{""S"":""running""},""battery_status"":{""S"":""charging""}}}]","[{""M"":{""slave_id"":{""N"":""30""},""irradiance_w_per_m2"":{""N"":""650""}}}]","[{""M"":{""p_total_w"":{""N"":""2100""},""kwh_total"":{""N"":""920""},""freq_hz"":{""N"":""50""},""i1"":{""N"":""3.21""},""i2"":{""N"":""3.105""},""i3"":{""N"":""3.32""},""v1"":{""N"":""228.4""},""v2"":{""N"":""229.1""},""v3"":{""N"":""227.9""},""slave_id"":{""N"":""11""}}},{""M"":{""p_total_w"":{""N"":""7500""},""kwh_total"":{""N"":""4800""},""freq_hz"":{""N"":""50""},""i1"":{""N"":""12.45""},""i2"":{""N"":""12.11""},""i3"":{""N"":""12.78""},""tariff"":{""M"":{""kwh_t1"":{""N"":""4100""},""kwh_t2"":{""N"":""700""}}},""v1"":{""N"":""228.4""},""v2"":{""N"":""229.1""},""v3"":{""N"":""227.9""},""slave_id"":{""N"":""12""}}},{""M"":{""p_total_w"":{""N"":""6000""},""kwh_total"":{""N"":""3600""},""freq_hz"":{""N"":""50""},""i1"":{""N"":""9.2""},""i2"":{""N"":""8.95""},""i3"":{""N"":""9.41""},""v1"":{""N"":""228.4""},""v2"":{""N"":""229.1""},""v3"":{""N"":""227.9""},""slave_id"":{""N"":""13""}}}]","{""ts_epoch_ms"":{""N"":""1775858812000""}}"
"ESP32-DUMMY-002","1775858872000","[{""M"":{""temperature_c"":{""N"":""22""},""slave_id"":{""N"":""21""},""status"":{""S"":""ok""}}}]","{""client_email"":{""S"":""example@paradise.com""},""site_id"":{""S"":""2""},""client_name"":{""S"":""Paradise Resort""},""client_id"":{""S"":""001""}}","{""firmware"":{""S"":""paradise-esp32-dummy-site2-1.0""},""gateway_id"":{""S"":""ESP32-DUMMY-002""}}","{""status"":{""S"":""off""},""relay_on"":{""BOOL"":false}}","[{""M"":{""mppt_kw"":{""L"":[{""N"":""4.8""},{""N"":""4.6""},{""N"":""4.7""},{""N"":""4.4""}]},""p_total_kw"":{""N"":""18.5""},""battery_current_a"":{""N"":""8.2""},""battery_soc"":{""N"":""58""},""slave_id"":{""N"":""1""},""status"":{""S"":""running""},""battery_status"":{""S"":""charging""}}}]","[{""M"":{""slave_id"":{""N"":""30""},""irradiance_w_per_m2"":{""N"":""650""}}}]","[{""M"":{""p_total_w"":{""N"":""2100""},""kwh_total"":{""N"":""920""},""freq_hz"":{""N"":""50""},""i1"":{""N"":""3.21""},""i2"":{""N"":""3.105""},""i3"":{""N"":""3.32""},""v1"":{""N"":""228.4""},""v2"":{""N"":""229.1""},""v3"":{""N"":""227.9""},""slave_id"":{""N"":""11""}}},{""M"":{""p_total_w"":{""N"":""7500""},""kwh_total"":{""N"":""4800""},""freq_hz"":{""N"":""50""},""i1"":{""N"":""12.45""},""i2"":{""N"":""12.11""},""i3"":{""N"":""12.78""},""tariff"":{""M"":{""kwh_t1"":{""N"":""4100""},""kwh_t2"":{""N"":""700""}}},""v1"":{""N"":""228.4""},""v2"":{""N"":""229.1""},""v3"":{""N"":""227.9""},""slave_id"":{""N"":""12""}}},{""M"":{""p_total_w"":{""N"":""6000""},""kwh_total"":{""N"":""3600""},""freq_hz"":{""N"":""50""},""i1"":{""N"":""9.2""},""i2"":{""N"":""8.95""},""i3"":{""N"":""9.41""},""v1"":{""N"":""228.4""},""v2"":{""N"":""229.1""},""v3"":{""N"":""227.9""},""slave_id"":{""N"":""13""}}}]","{""ts_epoch_ms"":{""N"":""1775858872000""}}"
"ESP32-DUMMY-002","1775858932000","[{""M"":{""temperature_c"":{""N"":""22""},""slave_id"":{""N"":""21""},""status"":{""S"":""ok""}}}]","{""client_email"":{""S"":""example@paradise.com""},""site_id"":{""S"":""2""},""client_name"":{""S"":""Paradise Resort""},""client_id"":{""S"":""001""}}","{""firmware"":{""S"":""paradise-esp32-dummy-site2-1.0""},""gateway_id"":{""S"":""ESP32-DUMMY-002""}}","{""status"":{""S"":""off""},""relay_on"":{""BOOL"":false}}","[{""M"":{""mppt_kw"":{""L"":[{""N"":""4.8""},{""N"":""4.6""},{""N"":""4.7""},{""N"":""4.4""}]},""p_total_kw"":{""N"":""18.5""},""battery_current_a"":{""N"":""8.2""},""battery_soc"":{""N"":""58""},""slave_id"":{""N"":""1""},""status"":{""S"":""running""},""battery_status"":{""S"":""charging""}}}]","[{""M"":{""slave_id"":{""N"":""30""},""irradiance_w_per_m2"":{""N"":""650""}}}]","[{""M"":{""p_total_w"":{""N"":""2100""},""kwh_total"":{""N"":""920""},""freq_hz"":{""N"":""50""},""i1"":{""N"":""3.21""},""i2"":{""N"":""3.105""},""i3"":{""N"":""3.32""},""v1"":{""N"":""228.4""},""v2"":{""N"":""229.1""},""v3"":{""N"":""227.9""},""slave_id"":{""N"":""11""}}},{""M"":{""p_total_w"":{""N"":""7500""},""kwh_total"":{""N"":""4800""},""freq_hz"":{""N"":""50""},""i1"":{""N"":""12.45""},""i2"":{""N"":""12.11""},""i3"":{""N"":""12.78""},""tariff"":{""M"":{""kwh_t1"":{""N"":""4100""},""kwh_t2"":{""N"":""700""}}},""v1"":{""N"":""228.4""},""v2"":{""N"":""229.1""},""v3"":{""N"":""227.9""},""slave_id"":{""N"":""12""}}},{""M"":{""p_total_w"":{""N"":""6000""},""kwh_total"":{""N"":""3600""},""freq_hz"":{""N"":""50""},""i1"":{""N"":""9.2""},""i2"":{""N"":""8.95""},""i3"":{""N"":""9.41""},""v1"":{""N"":""228.4""},""v2"":{""N"":""229.1""},""v3"":{""N"":""227.9""},""slave_id"":{""N"":""13""}}}]","{""ts_epoch_ms"":{""N"":""1775858932000""}}"
"ESP32-DUMMY-002","1775858992000","[{""M"":{""temperature_c"":{""N"":""22""},""slave_id"":{""N"":""21""},""status"":{""S"":""ok""}}}]","{""client_email"":{""S"":""example@paradise.com""},""site_id"":{""S"":""2""},""client_name"":{""S"":""Paradise Resort""},""client_id"":{""S"":""001""}}","{""firmware"":{""S"":""paradise-esp32-dummy-site2-1.0""},""gateway_id"":{""S"":""ESP32-DUMMY-002""}}","{""status"":{""S"":""off""},""relay_on"":{""BOOL"":false}}","[{""M"":{""mppt_kw"":{""L"":[{""N"":""4.8""},{""N"":""4.6""},{""N"":""4.7""},{""N"":""4.4""}]},""p_total_kw"":{""N"":""18.5""},""battery_current_a"":{""N"":""8.2""},""battery_soc"":{""N"":""58""},""slave_id"":{""N"":""1""},""status"":{""S"":""running""},""battery_status"":{""S"":""charging""}}}]","[{""M"":{""slave_id"":{""N"":""30""},""irradiance_w_per_m2"":{""N"":""650""}}}]","[{""M"":{""p_total_w"":{""N"":""2100""},""kwh_total"":{""N"":""920""},""freq_hz"":{""N"":""50""},""i1"":{""N"":""3.21""},""i2"":{""N"":""3.105""},""i3"":{""N"":""3.32""},""v1"":{""N"":""228.4""},""v2"":{""N"":""229.1""},""v3"":{""N"":""227.9""},""slave_id"":{""N"":""11""}}},{""M"":{""p_total_w"":{""N"":""7500""},""kwh_total"":{""N"":""4800""},""freq_hz"":{""N"":""50""},""i1"":{""N"":""12.45""},""i2"":{""N"":""12.11""},""i3"":{""N"":""12.78""},""tariff"":{""M"":{""kwh_t1"":{""N"":""4100""},""kwh_t2"":{""N"":""700""}}},""v1"":{""N"":""228.4""},""v2"":{""N"":""229.1""},""v3"":{""N"":""227.9""},""slave_id"":{""N"":""12""}}},{""M"":{""p_total_w"":{""N"":""6000""},""kwh_total"":{""N"":""3600""},""freq_hz"":{""N"":""50""},""i1"":{""N"":""9.2""},""i2"":{""N"":""8.95""},""i3"":{""N"":""9.41""},""v1"":{""N"":""228.4""},""v2"":{""N"":""229.1""},""v3"":{""N"":""227.9""},""slave_id"":{""N"":""13""}}}]","{""ts_epoch_ms"":{""N"":""1775858992000""}}"
"ESP32-DUMMY-002","1775859052000","[{""M"":{""temperature_c"":{""N"":""22""},""slave_id"":{""N"":""21""},""status"":{""S"":""ok""}}}]","{""client_email"":{""S"":""example@paradise.com""},""site_id"":{""S"":""2""},""client_name"":{""S"":""Paradise Resort""},""client_id"":{""S"":""001""}}","{""firmware"":{""S"":""paradise-esp32-dummy-site2-1.0""},""gateway_id"":{""S"":""ESP32-DUMMY-002""}}","{""status"":{""S"":""off""},""relay_on"":{""BOOL"":false}}","[{""M"":{""mppt_kw"":{""L"":[{""N"":""4.8""},{""N"":""4.6""},{""N"":""4.7""},{""N"":""4.4""}]},""p_total_kw"":{""N"":""18.5""},""battery_current_a"":{""N"":""8.2""},""battery_soc"":{""N"":""58""},""slave_id"":{""N"":""1""},""status"":{""S"":""running""},""battery_status"":{""S"":""charging""}}}]","[{""M"":{""slave_id"":{""N"":""30""},""irradiance_w_per_m2"":{""N"":""650""}}}]","[{""M"":{""p_total_w"":{""N"":""2100""},""kwh_total"":{""N"":""920""},""freq_hz"":{""N"":""50""},""i1"":{""N"":""3.21""},""i2"":{""N"":""3.105""},""i3"":{""N"":""3.32""},""v1"":{""N"":""228.4""},""v2"":{""N"":""229.1""},""v3"":{""N"":""227.9""},""slave_id"":{""N"":""11""}}},{""M"":{""p_total_w"":{""N"":""7500""},""kwh_total"":{""N"":""4800""},""freq_hz"":{""N"":""50""},""i1"":{""N"":""12.45""},""i2"":{""N"":""12.11""},""i3"":{""N"":""12.78""},""tariff"":{""M"":{""kwh_t1"":{""N"":""4100""},""kwh_t2"":{""N"":""700""}}},""v1"":{""N"":""228.4""},""v2"":{""N"":""229.1""},""v3"":{""N"":""227.9""},""slave_id"":{""N"":""12""}}},{""M"":{""p_total_w"":{""N"":""6000""},""kwh_total"":{""N"":""3600""},""freq_hz"":{""N"":""50""},""i1"":{""N"":""9.2""},""i2"":{""N"":""8.95""},""i3"":{""N"":""9.41""},""v1"":{""N"":""228.4""},""v2"":{""N"":""229.1""},""v3"":{""N"":""227.9""},""slave_id"":{""N"":""13""}}}]","{""ts_epoch_ms"":{""N"":""1775859052000""}}"
"ESP32-DUMMY-002","1775859112000","[{""M"":{""temperature_c"":{""N"":""22""},""slave_id"":{""N"":""21""},""status"":{""S"":""ok""}}}]","{""client_email"":{""S"":""example@paradise.com""},""site_id"":{""S"":""2""},""client_name"":{""S"":""Paradise Resort""},""client_id"":{""S"":""001""}}","{""firmware"":{""S"":""paradise-esp32-dummy-site2-1.0""},""gateway_id"":{""S"":""ESP32-DUMMY-002""}}","{""status"":{""S"":""off""},""relay_on"":{""BOOL"":false}}","[{""M"":{""mppt_kw"":{""L"":[{""N"":""4.8""},{""N"":""4.6""},{""N"":""4.7""},{""N"":""4.4""}]},""p_total_kw"":{""N"":""18.5""},""battery_current_a"":{""N"":""8.2""},""battery_soc"":{""N"":""58""},""slave_id"":{""N"":""1""},""status"":{""S"":""running""},""battery_status"":{""S"":""charging""}}}]","[{""M"":{""slave_id"":{""N"":""30""},""irradiance_w_per_m2"":{""N"":""650""}}}]","[{""M"":{""p_total_w"":{""N"":""2100""},""kwh_total"":{""N"":""920""},""freq_hz"":{""N"":""50""},""i1"":{""N"":""3.21""},""i2"":{""N"":""3.105""},""i3"":{""N"":""3.32""},""v1"":{""N"":""228.4""},""v2"":{""N"":""229.1""},""v3"":{""N"":""227.9""},""slave_id"":{""N"":""11""}}},{""M"":{""p_total_w"":{""N"":""7500""},""kwh_total"":{""N"":""4800""},""freq_hz"":{""N"":""50""},""i1"":{""N"":""12.45""},""i2"":{""N"":""12.11""},""i3"":{""N"":""12.78""},""tariff"":{""M"":{""kwh_t1"":{""N"":""4100""},""kwh_t2"":{""N"":""700""}}},""v1"":{""N"":""228.4""},""v2"":{""N"":""229.1""},""v3"":{""N"":""227.9""},""slave_id"":{""N"":""12""}}},{""M"":{""p_total_w"":{""N"":""6000""},""kwh_total"":{""N"":""3600""},""freq_hz"":{""N"":""50""},""i1"":{""N"":""9.2""},""i2"":{""N"":""8.95""},""i3"":{""N"":""9.41""},""v1"":{""N"":""228.4""},""v2"":{""N"":""229.1""},""v3"":{""N"":""227.9""},""slave_id"":{""N"":""13""}}}]","{""ts_epoch_ms"":{""N"":""1775859112000""}}"
"ESP32-DUMMY-002","1775859172000","[{""M"":{""temperature_c"":{""N"":""22""},""slave_id"":{""N"":""21""},""status"":{""S"":""ok""}}}]","{""client_email"":{""S"":""example@paradise.com""},""site_id"":{""S"":""2""},""client_name"":{""S"":""Paradise Resort""},""client_id"":{""S"":""001""}}","{""firmware"":{""S"":""paradise-esp32-dummy-site2-1.0""},""gateway_id"":{""S"":""ESP32-DUMMY-002""}}","{""status"":{""S"":""off""},""relay_on"":{""BOOL"":false}}","[{""M"":{""mppt_kw"":{""L"":[{""N"":""4.8""},{""N"":""4.6""},{""N"":""4.7""},{""N"":""4.4""}]},""p_total_kw"":{""N"":""18.5""},""battery_current_a"":{""N"":""8.2""},""battery_soc"":{""N"":""58""},""slave_id"":{""N"":""1""},""status"":{""S"":""running""},""battery_status"":{""S"":""charging""}}}]","[{""M"":{""slave_id"":{""N"":""30""},""irradiance_w_per_m2"":{""N"":""650""}}}]","[{""M"":{""p_total_w"":{""N"":""2100""},""kwh_total"":{""N"":""920""},""freq_hz"":{""N"":""50""},""i1"":{""N"":""3.21""},""i2"":{""N"":""3.105""},""i3"":{""N"":""3.32""},""v1"":{""N"":""228.4""},""v2"":{""N"":""229.1""},""v3"":{""N"":""227.9""},""slave_id"":{""N"":""11""}}},{""M"":{""p_total_w"":{""N"":""7500""},""kwh_total"":{""N"":""4800""},""freq_hz"":{""N"":""50""},""i1"":{""N"":""12.45""},""i2"":{""N"":""12.11""},""i3"":{""N"":""12.78""},""tariff"":{""M"":{""kwh_t1"":{""N"":""4100""},""kwh_t2"":{""N"":""700""}}},""v1"":{""N"":""228.4""},""v2"":{""N"":""229.1""},""v3"":{""N"":""227.9""},""slave_id"":{""N"":""12""}}},{""M"":{""p_total_w"":{""N"":""6000""},""kwh_total"":{""N"":""3600""},""freq_hz"":{""N"":""50""},""i1"":{""N"":""9.2""},""i2"":{""N"":""8.95""},""i3"":{""N"":""9.41""},""v1"":{""N"":""228.4""},""v2"":{""N"":""229.1""},""v3"":{""N"":""227.9""},""slave_id"":{""N"":""13""}}}]","{""ts_epoch_ms"":{""N"":""1775859172000""}}"
"ESP32-DUMMY-002","1775859232000","[{""M"":{""temperature_c"":{""N"":""22""},""slave_id"":{""N"":""21""},""status"":{""S"":""ok""}}}]","{""client_email"":{""S"":""example@paradise.com""},""site_id"":{""S"":""2""},""client_name"":{""S"":""Paradise Resort""},""client_id"":{""S"":""001""}}","{""firmware"":{""S"":""paradise-esp32-dummy-site2-1.0""},""gateway_id"":{""S"":""ESP32-DUMMY-002""}}","{""status"":{""S"":""off""},""relay_on"":{""BOOL"":false}}","[{""M"":{""mppt_kw"":{""L"":[{""N"":""4.8""},{""N"":""4.6""},{""N"":""4.7""},{""N"":""4.4""}]},""p_total_kw"":{""N"":""18.5""},""battery_current_a"":{""N"":""8.2""},""battery_soc"":{""N"":""58""},""slave_id"":{""N"":""1""},""status"":{""S"":""running""},""battery_status"":{""S"":""charging""}}}]","[{""M"":{""slave_id"":{""N"":""30""},""irradiance_w_per_m2"":{""N"":""650""}}}]","[{""M"":{""p_total_w"":{""N"":""2100""},""kwh_total"":{""N"":""920""},""freq_hz"":{""N"":""50""},""i1"":{""N"":""3.21""},""i2"":{""N"":""3.105""},""i3"":{""N"":""3.32""},""v1"":{""N"":""228.4""},""v2"":{""N"":""229.1""},""v3"":{""N"":""227.9""},""slave_id"":{""N"":""11""}}},{""M"":{""p_total_w"":{""N"":""7500""},""kwh_total"":{""N"":""4800""},""freq_hz"":{""N"":""50""},""i1"":{""N"":""12.45""},""i2"":{""N"":""12.11""},""i3"":{""N"":""12.78""},""tariff"":{""M"":{""kwh_t1"":{""N"":""4100""},""kwh_t2"":{""N"":""700""}}},""v1"":{""N"":""228.4""},""v2"":{""N"":""229.1""},""v3"":{""N"":""227.9""},""slave_id"":{""N"":""12""}}},{""M"":{""p_total_w"":{""N"":""6000""},""kwh_total"":{""N"":""3600""},""freq_hz"":{""N"":""50""},""i1"":{""N"":""9.2""},""i2"":{""N"":""8.95""},""i3"":{""N"":""9.41""},""v1"":{""N"":""228.4""},""v2"":{""N"":""229.1""},""v3"":{""N"":""227.9""},""slave_id"":{""N"":""13""}}}]","{""ts_epoch_ms"":{""N"":""1775859232000""}}"
"ESP32-DUMMY-002","1775859292000","[{""M"":{""temperature_c"":{""N"":""22""},""slave_id"":{""N"":""21""},""status"":{""S"":""ok""}}}]","{""client_email"":{""S"":""example@paradise.com""},""site_id"":{""S"":""2""},""client_name"":{""S"":""Paradise Resort""},""client_id"":{""S"":""001""}}","{""firmware"":{""S"":""paradise-esp32-dummy-site2-1.0""},""gateway_id"":{""S"":""ESP32-DUMMY-002""}}","{""status"":{""S"":""off""},""relay_on"":{""BOOL"":false}}","[{""M"":{""mppt_kw"":{""L"":[{""N"":""4.8""},{""N"":""4.6""},{""N"":""4.7""},{""N"":""4.4""}]},""p_total_kw"":{""N"":""18.5""},""battery_current_a"":{""N"":""8.2""},""battery_soc"":{""N"":""58""},""slave_id"":{""N"":""1""},""status"":{""S"":""running""},""battery_status"":{""S"":""charging""}}}]","[{""M"":{""slave_id"":{""N"":""30""},""irradiance_w_per_m2"":{""N"":""650""}}}]","[{""M"":{""p_total_w"":{""N"":""2100""},""kwh_total"":{""N"":""920""},""freq_hz"":{""N"":""50""},""i1"":{""N"":""3.21""},""i2"":{""N"":""3.105""},""i3"":{""N"":""3.32""},""v1"":{""N"":""228.4""},""v2"":{""N"":""229.1""},""v3"":{""N"":""227.9""},""slave_id"":{""N"":""11""}}},{""M"":{""p_total_w"":{""N"":""7500""},""kwh_total"":{""N"":""4800""},""freq_hz"":{""N"":""50""},""i1"":{""N"":""12.45""},""i2"":{""N"":""12.11""},""i3"":{""N"":""12.78""},""tariff"":{""M"":{""kwh_t1"":{""N"":""4100""},""kwh_t2"":{""N"":""700""}}},""v1"":{""N"":""228.4""},""v2"":{""N"":""229.1""},""v3"":{""N"":""227.9""},""slave_id"":{""N"":""12""}}},{""M"":{""p_total_w"":{""N"":""6000""},""kwh_total"":{""N"":""3600""},""freq_hz"":{""N"":""50""},""i1"":{""N"":""9.2""},""i2"":{""N"":""8.95""},""i3"":{""N"":""9.41""},""v1"":{""N"":""228.4""},""v2"":{""N"":""229.1""},""v3"":{""N"":""227.9""},""slave_id"":{""N"":""13""}}}]","{""ts_epoch_ms"":{""N"":""1775859292000""}}"
"ESP32-DUMMY-002","1775859352000","[{""M"":{""temperature_c"":{""N"":""22""},""slave_id"":{""N"":""21""},""status"":{""S"":""ok""}}}]","{""client_email"":{""S"":""example@paradise.com""},""site_id"":{""S"":""2""},""client_name"":{""S"":""Paradise Resort""},""client_id"":{""S"":""001""}}","{""firmware"":{""S"":""paradise-esp32-dummy-site2-1.0""},""gateway_id"":{""S"":""ESP32-DUMMY-002""}}","{""status"":{""S"":""off""},""relay_on"":{""BOOL"":false}}","[{""M"":{""mppt_kw"":{""L"":[{""N"":""4.8""},{""N"":""4.6""},{""N"":""4.7""},{""N"":""4.4""}]},""p_total_kw"":{""N"":""18.5""},""battery_current_a"":{""N"":""8.2""},""battery_soc"":{""N"":""58""},""slave_id"":{""N"":""1""},""status"":{""S"":""running""},""battery_status"":{""S"":""charging""}}}]","[{""M"":{""slave_id"":{""N"":""30""},""irradiance_w_per_m2"":{""N"":""650""}}}]","[{""M"":{""p_total_w"":{""N"":""2100""},""kwh_total"":{""N"":""920""},""freq_hz"":{""N"":""50""},""i1"":{""N"":""3.21""},""i2"":{""N"":""3.105""},""i3"":{""N"":""3.32""},""v1"":{""N"":""228.4""},""v2"":{""N"":""229.1""},""v3"":{""N"":""227.9""},""slave_id"":{""N"":""11""}}},{""M"":{""p_total_w"":{""N"":""7500""},""kwh_total"":{""N"":""4800""},""freq_hz"":{""N"":""50""},""i1"":{""N"":""12.45""},""i2"":{""N"":""12.11""},""i3"":{""N"":""12.78""},""tariff"":{""M"":{""kwh_t1"":{""N"":""4100""},""kwh_t2"":{""N"":""700""}}},""v1"":{""N"":""228.4""},""v2"":{""N"":""229.1""},""v3"":{""N"":""227.9""},""slave_id"":{""N"":""12""}}},{""M"":{""p_total_w"":{""N"":""6000""},""kwh_total"":{""N"":""3600""},""freq_hz"":{""N"":""50""},""i1"":{""N"":""9.2""},""i2"":{""N"":""8.95""},""i3"":{""N"":""9.41""},""v1"":{""N"":""228.4""},""v2"":{""N"":""229.1""},""v3"":{""N"":""227.9""},""slave_id"":{""N"":""13""}}}]","{""ts_epoch_ms"":{""N"":""1775859352000""}}"
"ESP32-DUMMY-002","1775859413000","[{""M"":{""temperature_c"":{""N"":""22""},""slave_id"":{""N"":""21""},""status"":{""S"":""ok""}}}]","{""client_email"":{""S"":""example@paradise.com""},""site_id"":{""S"":""2""},""client_name"":{""S"":""Paradise Resort""},""client_id"":{""S"":""001""}}","{""firmware"":{""S"":""paradise-esp32-dummy-site2-1.0""},""gateway_id"":{""S"":""ESP32-DUMMY-002""}}","{""status"":{""S"":""off""},""relay_on"":{""BOOL"":false}}","[{""M"":{""mppt_kw"":{""L"":[{""N"":""4.8""},{""N"":""4.6""},{""N"":""4.7""},{""N"":""4.4""}]},""p_total_kw"":{""N"":""18.5""},""battery_current_a"":{""N"":""8.2""},""battery_soc"":{""N"":""58""},""slave_id"":{""N"":""1""},""status"":{""S"":""running""},""battery_status"":{""S"":""charging""}}}]","[{""M"":{""slave_id"":{""N"":""30""},""irradiance_w_per_m2"":{""N"":""650""}}}]","[{""M"":{""p_total_w"":{""N"":""2100""},""kwh_total"":{""N"":""920""},""freq_hz"":{""N"":""50""},""i1"":{""N"":""3.21""},""i2"":{""N"":""3.105""},""i3"":{""N"":""3.32""},""v1"":{""N"":""228.4""},""v2"":{""N"":""229.1""},""v3"":{""N"":""227.9""},""slave_id"":{""N"":""11""}}},{""M"":{""p_total_w"":{""N"":""7500""},""kwh_total"":{""N"":""4800""},""freq_hz"":{""N"":""50""},""i1"":{""N"":""12.45""},""i2"":{""N"":""12.11""},""i3"":{""N"":""12.78""},""tariff"":{""M"":{""kwh_t1"":{""N"":""4100""},""kwh_t2"":{""N"":""700""}}},""v1"":{""N"":""228.4""},""v2"":{""N"":""229.1""},""v3"":{""N"":""227.9""},""slave_id"":{""N"":""12""}}},{""M"":{""p_total_w"":{""N"":""6000""},""kwh_total"":{""N"":""3600""},""freq_hz"":{""N"":""50""},""i1"":{""N"":""9.2""},""i2"":{""N"":""8.95""},""i3"":{""N"":""9.41""},""v1"":{""N"":""228.4""},""v2"":{""N"":""229.1""},""v3"":{""N"":""227.9""},""slave_id"":{""N"":""13""}}}]","{""ts_epoch_ms"":{""N"":""1775859413000""}}"
"ESP32-DUMMY-002","1775859473000","[{""M"":{""temperature_c"":{""N"":""22""},""slave_id"":{""N"":""21""},""status"":{""S"":""ok""}}}]","{""client_email"":{""S"":""example@paradise.com""},""site_id"":{""S"":""2""},""client_name"":{""S"":""Paradise Resort""},""client_id"":{""S"":""001""}}","{""firmware"":{""S"":""paradise-esp32-dummy-site2-1.0""},""gateway_id"":{""S"":""ESP32-DUMMY-002""}}","{""status"":{""S"":""off""},""relay_on"":{""BOOL"":false}}","[{""M"":{""mppt_kw"":{""L"":[{""N"":""4.8""},{""N"":""4.6""},{""N"":""4.7""},{""N"":""4.4""}]},""p_total_kw"":{""N"":""18.5""},""battery_current_a"":{""N"":""8.2""},""battery_soc"":{""N"":""58""},""slave_id"":{""N"":""1""},""status"":{""S"":""running""},""battery_status"":{""S"":""charging""}}}]","[{""M"":{""slave_id"":{""N"":""30""},""irradiance_w_per_m2"":{""N"":""650""}}}]","[{""M"":{""p_total_w"":{""N"":""2100""},""kwh_total"":{""N"":""920""},""freq_hz"":{""N"":""50""},""i1"":{""N"":""3.21""},""i2"":{""N"":""3.105""},""i3"":{""N"":""3.32""},""v1"":{""N"":""228.4""},""v2"":{""N"":""229.1""},""v3"":{""N"":""227.9""},""slave_id"":{""N"":""11""}}},{""M"":{""p_total_w"":{""N"":""7500""},""kwh_total"":{""N"":""4800""},""freq_hz"":{""N"":""50""},""i1"":{""N"":""12.45""},""i2"":{""N"":""12.11""},""i3"":{""N"":""12.78""},""tariff"":{""M"":{""kwh_t1"":{""N"":""4100""},""kwh_t2"":{""N"":""700""}}},""v1"":{""N"":""228.4""},""v2"":{""N"":""229.1""},""v3"":{""N"":""227.9""},""slave_id"":{""N"":""12""}}},{""M"":{""p_total_w"":{""N"":""6000""},""kwh_total"":{""N"":""3600""},""freq_hz"":{""N"":""50""},""i1"":{""N"":""9.2""},""i2"":{""N"":""8.95""},""i3"":{""N"":""9.41""},""v1"":{""N"":""228.4""},""v2"":{""N"":""229.1""},""v3"":{""N"":""227.9""},""slave_id"":{""N"":""13""}}}]","{""ts_epoch_ms"":{""N"":""1775859473000""}}"
"ESP32-DUMMY-002","1775859533000","[{""M"":{""temperature_c"":{""N"":""22""},""slave_id"":{""N"":""21""},""status"":{""S"":""ok""}}}]","{""client_email"":{""S"":""example@paradise.com""},""site_id"":{""S"":""2""},""client_name"":{""S"":""Paradise Resort""},""client_id"":{""S"":""001""}}","{""firmware"":{""S"":""paradise-esp32-dummy-site2-1.0""},""gateway_id"":{""S"":""ESP32-DUMMY-002""}}","{""status"":{""S"":""off""},""relay_on"":{""BOOL"":false}}","[{""M"":{""mppt_kw"":{""L"":[{""N"":""4.8""},{""N"":""4.6""},{""N"":""4.7""},{""N"":""4.4""}]},""p_total_kw"":{""N"":""18.5""},""battery_current_a"":{""N"":""8.2""},""battery_soc"":{""N"":""58""},""slave_id"":{""N"":""1""},""status"":{""S"":""running""},""battery_status"":{""S"":""charging""}}}]","[{""M"":{""slave_id"":{""N"":""30""},""irradiance_w_per_m2"":{""N"":""650""}}}]","[{""M"":{""p_total_w"":{""N"":""2100""},""kwh_total"":{""N"":""920""},""freq_hz"":{""N"":""50""},""i1"":{""N"":""3.21""},""i2"":{""N"":""3.105""},""i3"":{""N"":""3.32""},""v1"":{""N"":""228.4""},""v2"":{""N"":""229.1""},""v3"":{""N"":""227.9""},""slave_id"":{""N"":""11""}}},{""M"":{""p_total_w"":{""N"":""7500""},""kwh_total"":{""N"":""4800""},""freq_hz"":{""N"":""50""},""i1"":{""N"":""12.45""},""i2"":{""N"":""12.11""},""i3"":{""N"":""12.78""},""tariff"":{""M"":{""kwh_t1"":{""N"":""4100""},""kwh_t2"":{""N"":""700""}}},""v1"":{""N"":""228.4""},""v2"":{""N"":""229.1""},""v3"":{""N"":""227.9""},""slave_id"":{""N"":""12""}}},{""M"":{""p_total_w"":{""N"":""6000""},""kwh_total"":{""N"":""3600""},""freq_hz"":{""N"":""50""},""i1"":{""N"":""9.2""},""i2"":{""N"":""8.95""},""i3"":{""N"":""9.41""},""v1"":{""N"":""228.4""},""v2"":{""N"":""229.1""},""v3"":{""N"":""227.9""},""slave_id"":{""N"":""13""}}}]","{""ts_epoch_ms"":{""N"":""1775859533000""}}"
"ESP32-DUMMY-002","1775859593000","[{""M"":{""temperature_c"":{""N"":""22""},""slave_id"":{""N"":""21""},""status"":{""S"":""ok""}}}]","{""client_email"":{""S"":""example@paradise.com""},""site_id"":{""S"":""2""},""client_name"":{""S"":""Paradise Resort""},""client_id"":{""S"":""001""}}","{""firmware"":{""S"":""paradise-esp32-dummy-site2-1.0""},""gateway_id"":{""S"":""ESP32-DUMMY-002""}}","{""status"":{""S"":""off""},""relay_on"":{""BOOL"":false}}","[{""M"":{""mppt_kw"":{""L"":[{""N"":""4.8""},{""N"":""4.6""},{""N"":""4.7""},{""N"":""4.4""}]},""p_total_kw"":{""N"":""18.5""},""battery_current_a"":{""N"":""8.2""},""battery_soc"":{""N"":""58""},""slave_id"":{""N"":""1""},""status"":{""S"":""running""},""battery_status"":{""S"":""charging""}}}]","[{""M"":{""slave_id"":{""N"":""30""},""irradiance_w_per_m2"":{""N"":""650""}}}]","[{""M"":{""p_total_w"":{""N"":""2100""},""kwh_total"":{""N"":""920""},""freq_hz"":{""N"":""50""},""i1"":{""N"":""3.21""},""i2"":{""N"":""3.105""},""i3"":{""N"":""3.32""},""v1"":{""N"":""228.4""},""v2"":{""N"":""229.1""},""v3"":{""N"":""227.9""},""slave_id"":{""N"":""11""}}},{""M"":{""p_total_w"":{""N"":""7500""},""kwh_total"":{""N"":""4800""},""freq_hz"":{""N"":""50""},""i1"":{""N"":""12.45""},""i2"":{""N"":""12.11""},""i3"":{""N"":""12.78""},""tariff"":{""M"":{""kwh_t1"":{""N"":""4100""},""kwh_t2"":{""N"":""700""}}},""v1"":{""N"":""228.4""},""v2"":{""N"":""229.1""},""v3"":{""N"":""227.9""},""slave_id"":{""N"":""12""}}},{""M"":{""p_total_w"":{""N"":""6000""},""kwh_total"":{""N"":""3600""},""freq_hz"":{""N"":""50""},""i1"":{""N"":""9.2""},""i2"":{""N"":""8.95""},""i3"":{""N"":""9.41""},""v1"":{""N"":""228.4""},""v2"":{""N"":""229.1""},""v3"":{""N"":""227.9""},""slave_id"":{""N"":""13""}}}]","{""ts_epoch_ms"":{""N"":""1775859593000""}}"
"ESP32-DUMMY-002","1775859653000","[{""M"":{""temperature_c"":{""N"":""22""},""slave_id"":{""N"":""21""},""status"":{""S"":""ok""}}}]","{""client_email"":{""S"":""example@paradise.com""},""site_id"":{""S"":""2""},""client_name"":{""S"":""Paradise Resort""},""client_id"":{""S"":""001""}}","{""firmware"":{""S"":""paradise-esp32-dummy-site2-1.0""},""gateway_id"":{""S"":""ESP32-DUMMY-002""}}","{""status"":{""S"":""off""},""relay_on"":{""BOOL"":false}}","[{""M"":{""mppt_kw"":{""L"":[{""N"":""4.8""},{""N"":""4.6""},{""N"":""4.7""},{""N"":""4.4""}]},""p_total_kw"":{""N"":""18.5""},""battery_current_a"":{""N"":""8.2""},""battery_soc"":{""N"":""58""},""slave_id"":{""N"":""1""},""status"":{""S"":""running""},""battery_status"":{""S"":""charging""}}}]","[{""M"":{""slave_id"":{""N"":""30""},""irradiance_w_per_m2"":{""N"":""650""}}}]","[{""M"":{""p_total_w"":{""N"":""2100""},""kwh_total"":{""N"":""920""},""freq_hz"":{""N"":""50""},""i1"":{""N"":""3.21""},""i2"":{""N"":""3.105""},""i3"":{""N"":""3.32""},""v1"":{""N"":""228.4""},""v2"":{""N"":""229.1""},""v3"":{""N"":""227.9""},""slave_id"":{""N"":""11""}}},{""M"":{""p_total_w"":{""N"":""7500""},""kwh_total"":{""N"":""4800""},""freq_hz"":{""N"":""50""},""i1"":{""N"":""12.45""},""i2"":{""N"":""12.11""},""i3"":{""N"":""12.78""},""tariff"":{""M"":{""kwh_t1"":{""N"":""4100""},""kwh_t2"":{""N"":""700""}}},""v1"":{""N"":""228.4""},""v2"":{""N"":""229.1""},""v3"":{""N"":""227.9""},""slave_id"":{""N"":""12""}}},{""M"":{""p_total_w"":{""N"":""6000""},""kwh_total"":{""N"":""3600""},""freq_hz"":{""N"":""50""},""i1"":{""N"":""9.2""},""i2"":{""N"":""8.95""},""i3"":{""N"":""9.41""},""v1"":{""N"":""228.4""},""v2"":{""N"":""229.1""},""v3"":{""N"":""227.9""},""slave_id"":{""N"":""13""}}}]","{""ts_epoch_ms"":{""N"":""1775859653000""}}"
"ESP32-DUMMY-002","1775859713000","[{""M"":{""temperature_c"":{""N"":""22""},""slave_id"":{""N"":""21""},""status"":{""S"":""ok""}}}]","{""client_email"":{""S"":""example@paradise.com""},""site_id"":{""S"":""2""},""client_name"":{""S"":""Paradise Resort""},""client_id"":{""S"":""001""}}","{""firmware"":{""S"":""paradise-esp32-dummy-site2-1.0""},""gateway_id"":{""S"":""ESP32-DUMMY-002""}}","{""status"":{""S"":""off""},""relay_on"":{""BOOL"":false}}","[{""M"":{""mppt_kw"":{""L"":[{""N"":""4.8""},{""N"":""4.6""},{""N"":""4.7""},{""N"":""4.4""}]},""p_total_kw"":{""N"":""18.5""},""battery_current_a"":{""N"":""8.2""},""battery_soc"":{""N"":""58""},""slave_id"":{""N"":""1""},""status"":{""S"":""running""},""battery_status"":{""S"":""charging""}}}]","[{""M"":{""slave_id"":{""N"":""30""},""irradiance_w_per_m2"":{""N"":""650""}}}]","[{""M"":{""p_total_w"":{""N"":""2100""},""kwh_total"":{""N"":""920""},""freq_hz"":{""N"":""50""},""i1"":{""N"":""3.21""},""i2"":{""N"":""3.105""},""i3"":{""N"":""3.32""},""v1"":{""N"":""228.4""},""v2"":{""N"":""229.1""},""v3"":{""N"":""227.9""},""slave_id"":{""N"":""11""}}},{""M"":{""p_total_w"":{""N"":""7500""},""kwh_total"":{""N"":""4800""},""freq_hz"":{""N"":""50""},""i1"":{""N"":""12.45""},""i2"":{""N"":""12.11""},""i3"":{""N"":""12.78""},""tariff"":{""M"":{""kwh_t1"":{""N"":""4100""},""kwh_t2"":{""N"":""700""}}},""v1"":{""N"":""228.4""},""v2"":{""N"":""229.1""},""v3"":{""N"":""227.9""},""slave_id"":{""N"":""12""}}},{""M"":{""p_total_w"":{""N"":""6000""},""kwh_total"":{""N"":""3600""},""freq_hz"":{""N"":""50""},""i1"":{""N"":""9.2""},""i2"":{""N"":""8.95""},""i3"":{""N"":""9.41""},""v1"":{""N"":""228.4""},""v2"":{""N"":""229.1""},""v3"":{""N"":""227.9""},""slave_id"":{""N"":""13""}}}]","{""ts_epoch_ms"":{""N"":""1775859713000""}}"
"ESP32-DUMMY-002","1775859773000","[{""M"":{""temperature_c"":{""N"":""22""},""slave_id"":{""N"":""21""},""status"":{""S"":""ok""}}}]","{""client_email"":{""S"":""example@paradise.com""},""site_id"":{""S"":""2""},""client_name"":{""S"":""Paradise Resort""},""client_id"":{""S"":""001""}}","{""firmware"":{""S"":""paradise-esp32-dummy-site2-1.0""},""gateway_id"":{""S"":""ESP32-DUMMY-002""}}","{""status"":{""S"":""off""},""relay_on"":{""BOOL"":false}}","[{""M"":{""mppt_kw"":{""L"":[{""N"":""4.8""},{""N"":""4.6""},{""N"":""4.7""},{""N"":""4.4""}]},""p_total_kw"":{""N"":""18.5""},""battery_current_a"":{""N"":""8.2""},""battery_soc"":{""N"":""58""},""slave_id"":{""N"":""1""},""status"":{""S"":""running""},""battery_status"":{""S"":""charging""}}}]","[{""M"":{""slave_id"":{""N"":""30""},""irradiance_w_per_m2"":{""N"":""650""}}}]","[{""M"":{""p_total_w"":{""N"":""2100""},""kwh_total"":{""N"":""920""},""freq_hz"":{""N"":""50""},""i1"":{""N"":""3.21""},""i2"":{""N"":""3.105""},""i3"":{""N"":""3.32""},""v1"":{""N"":""228.4""},""v2"":{""N"":""229.1""},""v3"":{""N"":""227.9""},""slave_id"":{""N"":""11""}}},{""M"":{""p_total_w"":{""N"":""7500""},""kwh_total"":{""N"":""4800""},""freq_hz"":{""N"":""50""},""i1"":{""N"":""12.45""},""i2"":{""N"":""12.11""},""i3"":{""N"":""12.78""},""tariff"":{""M"":{""kwh_t1"":{""N"":""4100""},""kwh_t2"":{""N"":""700""}}},""v1"":{""N"":""228.4""},""v2"":{""N"":""229.1""},""v3"":{""N"":""227.9""},""slave_id"":{""N"":""12""}}},{""M"":{""p_total_w"":{""N"":""6000""},""kwh_total"":{""N"":""3600""},""freq_hz"":{""N"":""50""},""i1"":{""N"":""9.2""},""i2"":{""N"":""8.95""},""i3"":{""N"":""9.41""},""v1"":{""N"":""228.4""},""v2"":{""N"":""229.1""},""v3"":{""N"":""227.9""},""slave_id"":{""N"":""13""}}}]","{""ts_epoch_ms"":{""N"":""1775859773000""}}"
"ESP32-DUMMY-002","1775859833000","[{""M"":{""temperature_c"":{""N"":""22""},""slave_id"":{""N"":""21""},""status"":{""S"":""ok""}}}]","{""client_email"":{""S"":""example@paradise.com""},""site_id"":{""S"":""2""},""client_name"":{""S"":""Paradise Resort""},""client_id"":{""S"":""001""}}","{""firmware"":{""S"":""paradise-esp32-dummy-site2-1.0""},""gateway_id"":{""S"":""ESP32-DUMMY-002""}}","{""status"":{""S"":""off""},""relay_on"":{""BOOL"":false}}","[{""M"":{""mppt_kw"":{""L"":[{""N"":""4.8""},{""N"":""4.6""},{""N"":""4.7""},{""N"":""4.4""}]},""p_total_kw"":{""N"":""18.5""},""battery_current_a"":{""N"":""8.2""},""battery_soc"":{""N"":""58""},""slave_id"":{""N"":""1""},""status"":{""S"":""running""},""battery_status"":{""S"":""charging""}}}]","[{""M"":{""slave_id"":{""N"":""30""},""irradiance_w_per_m2"":{""N"":""650""}}}]","[{""M"":{""p_total_w"":{""N"":""2100""},""kwh_total"":{""N"":""920""},""freq_hz"":{""N"":""50""},""i1"":{""N"":""3.21""},""i2"":{""N"":""3.105""},""i3"":{""N"":""3.32""},""v1"":{""N"":""228.4""},""v2"":{""N"":""229.1""},""v3"":{""N"":""227.9""},""slave_id"":{""N"":""11""}}},{""M"":{""p_total_w"":{""N"":""7500""},""kwh_total"":{""N"":""4800""},""freq_hz"":{""N"":""50""},""i1"":{""N"":""12.45""},""i2"":{""N"":""12.11""},""i3"":{""N"":""12.78""},""tariff"":{""M"":{""kwh_t1"":{""N"":""4100""},""kwh_t2"":{""N"":""700""}}},""v1"":{""N"":""228.4""},""v2"":{""N"":""229.1""},""v3"":{""N"":""227.9""},""slave_id"":{""N"":""12""}}},{""M"":{""p_total_w"":{""N"":""6000""},""kwh_total"":{""N"":""3600""},""freq_hz"":{""N"":""50""},""i1"":{""N"":""9.2""},""i2"":{""N"":""8.95""},""i3"":{""N"":""9.41""},""v1"":{""N"":""228.4""},""v2"":{""N"":""229.1""},""v3"":{""N"":""227.9""},""slave_id"":{""N"":""13""}}}]","{""ts_epoch_ms"":{""N"":""1775859833000""}}"
"ESP32-DUMMY-002","1775859893000","[{""M"":{""temperature_c"":{""N"":""22""},""slave_id"":{""N"":""21""},""status"":{""S"":""ok""}}}]","{""client_email"":{""S"":""example@paradise.com""},""site_id"":{""S"":""2""},""client_name"":{""S"":""Paradise Resort""},""client_id"":{""S"":""001""}}","{""firmware"":{""S"":""paradise-esp32-dummy-site2-1.0""},""gateway_id"":{""S"":""ESP32-DUMMY-002""}}","{""status"":{""S"":""off""},""relay_on"":{""BOOL"":false}}","[{""M"":{""mppt_kw"":{""L"":[{""N"":""4.8""},{""N"":""4.6""},{""N"":""4.7""},{""N"":""4.4""}]},""p_total_kw"":{""N"":""18.5""},""battery_current_a"":{""N"":""8.2""},""battery_soc"":{""N"":""58""},""slave_id"":{""N"":""1""},""status"":{""S"":""running""},""battery_status"":{""S"":""charging""}}}]","[{""M"":{""slave_id"":{""N"":""30""},""irradiance_w_per_m2"":{""N"":""650""}}}]","[{""M"":{""p_total_w"":{""N"":""2100""},""kwh_total"":{""N"":""920""},""freq_hz"":{""N"":""50""},""i1"":{""N"":""3.21""},""i2"":{""N"":""3.105""},""i3"":{""N"":""3.32""},""v1"":{""N"":""228.4""},""v2"":{""N"":""229.1""},""v3"":{""N"":""227.9""},""slave_id"":{""N"":""11""}}},{""M"":{""p_total_w"":{""N"":""7500""},""kwh_total"":{""N"":""4800""},""freq_hz"":{""N"":""50""},""i1"":{""N"":""12.45""},""i2"":{""N"":""12.11""},""i3"":{""N"":""12.78""},""tariff"":{""M"":{""kwh_t1"":{""N"":""4100""},""kwh_t2"":{""N"":""700""}}},""v1"":{""N"":""228.4""},""v2"":{""N"":""229.1""},""v3"":{""N"":""227.9""},""slave_id"":{""N"":""12""}}},{""M"":{""p_total_w"":{""N"":""6000""},""kwh_total"":{""N"":""3600""},""freq_hz"":{""N"":""50""},""i1"":{""N"":""9.2""},""i2"":{""N"":""8.95""},""i3"":{""N"":""9.41""},""v1"":{""N"":""228.4""},""v2"":{""N"":""229.1""},""v3"":{""N"":""227.9""},""slave_id"":{""N"":""13""}}}]","{""ts_epoch_ms"":{""N"":""1775859893000""}}"
"ESP32-DUMMY-002","1775859953000","[{""M"":{""temperature_c"":{""N"":""22""},""slave_id"":{""N"":""21""},""status"":{""S"":""ok""}}}]","{""client_email"":{""S"":""example@paradise.com""},""site_id"":{""S"":""2""},""client_name"":{""S"":""Paradise Resort""},""client_id"":{""S"":""001""}}","{""firmware"":{""S"":""paradise-esp32-dummy-site2-1.0""},""gateway_id"":{""S"":""ESP32-DUMMY-002""}}","{""status"":{""S"":""off""},""relay_on"":{""BOOL"":false}}","[{""M"":{""mppt_kw"":{""L"":[{""N"":""4.8""},{""N"":""4.6""},{""N"":""4.7""},{""N"":""4.4""}]},""p_total_kw"":{""N"":""18.5""},""battery_current_a"":{""N"":""8.2""},""battery_soc"":{""N"":""58""},""slave_id"":{""N"":""1""},""status"":{""S"":""running""},""battery_status"":{""S"":""charging""}}}]","[{""M"":{""slave_id"":{""N"":""30""},""irradiance_w_per_m2"":{""N"":""650""}}}]","[{""M"":{""p_total_w"":{""N"":""2100""},""kwh_total"":{""N"":""920""},""freq_hz"":{""N"":""50""},""i1"":{""N"":""3.21""},""i2"":{""N"":""3.105""},""i3"":{""N"":""3.32""},""v1"":{""N"":""228.4""},""v2"":{""N"":""229.1""},""v3"":{""N"":""227.9""},""slave_id"":{""N"":""11""}}},{""M"":{""p_total_w"":{""N"":""7500""},""kwh_total"":{""N"":""4800""},""freq_hz"":{""N"":""50""},""i1"":{""N"":""12.45""},""i2"":{""N"":""12.11""},""i3"":{""N"":""12.78""},""tariff"":{""M"":{""kwh_t1"":{""N"":""4100""},""kwh_t2"":{""N"":""700""}}},""v1"":{""N"":""228.4""},""v2"":{""N"":""229.1""},""v3"":{""N"":""227.9""},""slave_id"":{""N"":""12""}}},{""M"":{""p_total_w"":{""N"":""6000""},""kwh_total"":{""N"":""3600""},""freq_hz"":{""N"":""50""},""i1"":{""N"":""9.2""},""i2"":{""N"":""8.95""},""i3"":{""N"":""9.41""},""v1"":{""N"":""228.4""},""v2"":{""N"":""229.1""},""v3"":{""N"":""227.9""},""slave_id"":{""N"":""13""}}}]","{""ts_epoch_ms"":{""N"":""1775859953000""}}"
"ESP32-DUMMY-002","1775860013000","[{""M"":{""temperature_c"":{""N"":""22""},""slave_id"":{""N"":""21""},""status"":{""S"":""ok""}}}]","{""client_email"":{""S"":""example@paradise.com""},""site_id"":{""S"":""2""},""client_name"":{""S"":""Paradise Resort""},""client_id"":{""S"":""001""}}","{""firmware"":{""S"":""paradise-esp32-dummy-site2-1.0""},""gateway_id"":{""S"":""ESP32-DUMMY-002""}}","{""status"":{""S"":""off""},""relay_on"":{""BOOL"":false}}","[{""M"":{""mppt_kw"":{""L"":[{""N"":""4.8""},{""N"":""4.6""},{""N"":""4.7""},{""N"":""4.4""}]},""p_total_kw"":{""N"":""18.5""},""battery_current_a"":{""N"":""8.2""},""battery_soc"":{""N"":""58""},""slave_id"":{""N"":""1""},""status"":{""S"":""running""},""battery_status"":{""S"":""charging""}}}]","[{""M"":{""slave_id"":{""N"":""30""},""irradiance_w_per_m2"":{""N"":""650""}}}]","[{""M"":{""p_total_w"":{""N"":""2100""},""kwh_total"":{""N"":""920""},""freq_hz"":{""N"":""50""},""i1"":{""N"":""3.21""},""i2"":{""N"":""3.105""},""i3"":{""N"":""3.32""},""v1"":{""N"":""228.4""},""v2"":{""N"":""229.1""},""v3"":{""N"":""227.9""},""slave_id"":{""N"":""11""}}},{""M"":{""p_total_w"":{""N"":""7500""},""kwh_total"":{""N"":""4800""},""freq_hz"":{""N"":""50""},""i1"":{""N"":""12.45""},""i2"":{""N"":""12.11""},""i3"":{""N"":""12.78""},""tariff"":{""M"":{""kwh_t1"":{""N"":""4100""},""kwh_t2"":{""N"":""700""}}},""v1"":{""N"":""228.4""},""v2"":{""N"":""229.1""},""v3"":{""N"":""227.9""},""slave_id"":{""N"":""12""}}},{""M"":{""p_total_w"":{""N"":""6000""},""kwh_total"":{""N"":""3600""},""freq_hz"":{""N"":""50""},""i1"":{""N"":""9.2""},""i2"":{""N"":""8.95""},""i3"":{""N"":""9.41""},""v1"":{""N"":""228.4""},""v2"":{""N"":""229.1""},""v3"":{""N"":""227.9""},""slave_id"":{""N"":""13""}}}]","{""ts_epoch_ms"":{""N"":""1775860013000""}}"
"ESP32-DUMMY-002","1775860073000","[{""M"":{""temperature_c"":{""N"":""22""},""slave_id"":{""N"":""21""},""status"":{""S"":""ok""}}}]","{""client_email"":{""S"":""example@paradise.com""},""site_id"":{""S"":""2""},""client_name"":{""S"":""Paradise Resort""},""client_id"":{""S"":""001""}}","{""firmware"":{""S"":""paradise-esp32-dummy-site2-1.0""},""gateway_id"":{""S"":""ESP32-DUMMY-002""}}","{""status"":{""S"":""off""},""relay_on"":{""BOOL"":false}}","[{""M"":{""mppt_kw"":{""L"":[{""N"":""4.8""},{""N"":""4.6""},{""N"":""4.7""},{""N"":""4.4""}]},""p_total_kw"":{""N"":""18.5""},""battery_current_a"":{""N"":""8.2""},""battery_soc"":{""N"":""58""},""slave_id"":{""N"":""1""},""status"":{""S"":""running""},""battery_status"":{""S"":""charging""}}}]","[{""M"":{""slave_id"":{""N"":""30""},""irradiance_w_per_m2"":{""N"":""650""}}}]","[{""M"":{""p_total_w"":{""N"":""2100""},""kwh_total"":{""N"":""920""},""freq_hz"":{""N"":""50""},""i1"":{""N"":""3.21""},""i2"":{""N"":""3.105""},""i3"":{""N"":""3.32""},""v1"":{""N"":""228.4""},""v2"":{""N"":""229.1""},""v3"":{""N"":""227.9""},""slave_id"":{""N"":""11""}}},{""M"":{""p_total_w"":{""N"":""7500""},""kwh_total"":{""N"":""4800""},""freq_hz"":{""N"":""50""},""i1"":{""N"":""12.45""},""i2"":{""N"":""12.11""},""i3"":{""N"":""12.78""},""tariff"":{""M"":{""kwh_t1"":{""N"":""4100""},""kwh_t2"":{""N"":""700""}}},""v1"":{""N"":""228.4""},""v2"":{""N"":""229.1""},""v3"":{""N"":""227.9""},""slave_id"":{""N"":""12""}}},{""M"":{""p_total_w"":{""N"":""6000""},""kwh_total"":{""N"":""3600""},""freq_hz"":{""N"":""50""},""i1"":{""N"":""9.2""},""i2"":{""N"":""8.95""},""i3"":{""N"":""9.41""},""v1"":{""N"":""228.4""},""v2"":{""N"":""229.1""},""v3"":{""N"":""227.9""},""slave_id"":{""N"":""13""}}}]","{""ts_epoch_ms"":{""N"":""1775860073000""}}"
"ESP32-DUMMY-002","1775860133000","[{""M"":{""temperature_c"":{""N"":""22""},""slave_id"":{""N"":""21""},""status"":{""S"":""ok""}}}]","{""client_email"":{""S"":""example@paradise.com""},""site_id"":{""S"":""2""},""client_name"":{""S"":""Paradise Resort""},""client_id"":{""S"":""001""}}","{""firmware"":{""S"":""paradise-esp32-dummy-site2-1.0""},""gateway_id"":{""S"":""ESP32-DUMMY-002""}}","{""status"":{""S"":""off""},""relay_on"":{""BOOL"":false}}","[{""M"":{""mppt_kw"":{""L"":[{""N"":""4.8""},{""N"":""4.6""},{""N"":""4.7""},{""N"":""4.4""}]},""p_total_kw"":{""N"":""18.5""},""battery_current_a"":{""N"":""8.2""},""battery_soc"":{""N"":""58""},""slave_id"":{""N"":""1""},""status"":{""S"":""running""},""battery_status"":{""S"":""charging""}}}]","[{""M"":{""slave_id"":{""N"":""30""},""irradiance_w_per_m2"":{""N"":""650""}}}]","[{""M"":{""p_total_w"":{""N"":""2100""},""kwh_total"":{""N"":""920""},""freq_hz"":{""N"":""50""},""i1"":{""N"":""3.21""},""i2"":{""N"":""3.105""},""i3"":{""N"":""3.32""},""v1"":{""N"":""228.4""},""v2"":{""N"":""229.1""},""v3"":{""N"":""227.9""},""slave_id"":{""N"":""11""}}},{""M"":{""p_total_w"":{""N"":""7500""},""kwh_total"":{""N"":""4800""},""freq_hz"":{""N"":""50""},""i1"":{""N"":""12.45""},""i2"":{""N"":""12.11""},""i3"":{""N"":""12.78""},""tariff"":{""M"":{""kwh_t1"":{""N"":""4100""},""kwh_t2"":{""N"":""700""}}},""v1"":{""N"":""228.4""},""v2"":{""N"":""229.1""},""v3"":{""N"":""227.9""},""slave_id"":{""N"":""12""}}},{""M"":{""p_total_w"":{""N"":""6000""},""kwh_total"":{""N"":""3600""},""freq_hz"":{""N"":""50""},""i1"":{""N"":""9.2""},""i2"":{""N"":""8.95""},""i3"":{""N"":""9.41""},""v1"":{""N"":""228.4""},""v2"":{""N"":""229.1""},""v3"":{""N"":""227.9""},""slave_id"":{""N"":""13""}}}]","{""ts_epoch_ms"":{""N"":""1775860133000""}}"
"ESP32-DUMMY-002","1775860193000","[{""M"":{""temperature_c"":{""N"":""22""},""slave_id"":{""N"":""21""},""status"":{""S"":""ok""}}}]","{""client_email"":{""S"":""example@paradise.com""},""site_id"":{""S"":""2""},""client_name"":{""S"":""Paradise Resort""},""client_id"":{""S"":""001""}}","{""firmware"":{""S"":""paradise-esp32-dummy-site2-1.0""},""gateway_id"":{""S"":""ESP32-DUMMY-002""}}","{""status"":{""S"":""off""},""relay_on"":{""BOOL"":false}}","[{""M"":{""mppt_kw"":{""L"":[{""N"":""4.8""},{""N"":""4.6""},{""N"":""4.7""},{""N"":""4.4""}]},""p_total_kw"":{""N"":""18.5""},""battery_current_a"":{""N"":""8.2""},""battery_soc"":{""N"":""58""},""slave_id"":{""N"":""1""},""status"":{""S"":""running""},""battery_status"":{""S"":""charging""}}}]","[{""M"":{""slave_id"":{""N"":""30""},""irradiance_w_per_m2"":{""N"":""650""}}}]","[{""M"":{""p_total_w"":{""N"":""2100""},""kwh_total"":{""N"":""920""},""freq_hz"":{""N"":""50""},""i1"":{""N"":""3.21""},""i2"":{""N"":""3.105""},""i3"":{""N"":""3.32""},""v1"":{""N"":""228.4""},""v2"":{""N"":""229.1""},""v3"":{""N"":""227.9""},""slave_id"":{""N"":""11""}}},{""M"":{""p_total_w"":{""N"":""7500""},""kwh_total"":{""N"":""4800""},""freq_hz"":{""N"":""50""},""i1"":{""N"":""12.45""},""i2"":{""N"":""12.11""},""i3"":{""N"":""12.78""},""tariff"":{""M"":{""kwh_t1"":{""N"":""4100""},""kwh_t2"":{""N"":""700""}}},""v1"":{""N"":""228.4""},""v2"":{""N"":""229.1""},""v3"":{""N"":""227.9""},""slave_id"":{""N"":""12""}}},{""M"":{""p_total_w"":{""N"":""6000""},""kwh_total"":{""N"":""3600""},""freq_hz"":{""N"":""50""},""i1"":{""N"":""9.2""},""i2"":{""N"":""8.95""},""i3"":{""N"":""9.41""},""v1"":{""N"":""228.4""},""v2"":{""N"":""229.1""},""v3"":{""N"":""227.9""},""slave_id"":{""N"":""13""}}}]","{""ts_epoch_ms"":{""N"":""1775860193000""}}"
"ESP32-DUMMY-002","1775860253000","[{""M"":{""temperature_c"":{""N"":""22""},""slave_id"":{""N"":""21""},""status"":{""S"":""ok""}}}]","{""client_email"":{""S"":""example@paradise.com""},""site_id"":{""S"":""2""},""client_name"":{""S"":""Paradise Resort""},""client_id"":{""S"":""001""}}","{""firmware"":{""S"":""paradise-esp32-dummy-site2-1.0""},""gateway_id"":{""S"":""ESP32-DUMMY-002""}}","{""status"":{""S"":""off""},""relay_on"":{""BOOL"":false}}","[{""M"":{""mppt_kw"":{""L"":[{""N"":""4.8""},{""N"":""4.6""},{""N"":""4.7""},{""N"":""4.4""}]},""p_total_kw"":{""N"":""18.5""},""battery_current_a"":{""N"":""8.2""},""battery_soc"":{""N"":""58""},""slave_id"":{""N"":""1""},""status"":{""S"":""running""},""battery_status"":{""S"":""charging""}}}]","[{""M"":{""slave_id"":{""N"":""30""},""irradiance_w_per_m2"":{""N"":""650""}}}]","[{""M"":{""p_total_w"":{""N"":""2100""},""kwh_total"":{""N"":""920""},""freq_hz"":{""N"":""50""},""i1"":{""N"":""3.21""},""i2"":{""N"":""3.105""},""i3"":{""N"":""3.32""},""v1"":{""N"":""228.4""},""v2"":{""N"":""229.1""},""v3"":{""N"":""227.9""},""slave_id"":{""N"":""11""}}},{""M"":{""p_total_w"":{""N"":""7500""},""kwh_total"":{""N"":""4800""},""freq_hz"":{""N"":""50""},""i1"":{""N"":""12.45""},""i2"":{""N"":""12.11""},""i3"":{""N"":""12.78""},""tariff"":{""M"":{""kwh_t1"":{""N"":""4100""},""kwh_t2"":{""N"":""700""}}},""v1"":{""N"":""228.4""},""v2"":{""N"":""229.1""},""v3"":{""N"":""227.9""},""slave_id"":{""N"":""12""}}},{""M"":{""p_total_w"":{""N"":""6000""},""kwh_total"":{""N"":""3600""},""freq_hz"":{""N"":""50""},""i1"":{""N"":""9.2""},""i2"":{""N"":""8.95""},""i3"":{""N"":""9.41""},""v1"":{""N"":""228.4""},""v2"":{""N"":""229.1""},""v3"":{""N"":""227.9""},""slave_id"":{""N"":""13""}}}]","{""ts_epoch_ms"":{""N"":""1775860253000""}}"
"ESP32-DUMMY-002","1775860313000","[{""M"":{""temperature_c"":{""N"":""22""},""slave_id"":{""N"":""21""},""status"":{""S"":""ok""}}}]","{""client_email"":{""S"":""example@paradise.com""},""site_id"":{""S"":""2""},""client_name"":{""S"":""Paradise Resort""},""client_id"":{""S"":""001""}}","{""firmware"":{""S"":""paradise-esp32-dummy-site2-1.0""},""gateway_id"":{""S"":""ESP32-DUMMY-002""}}","{""status"":{""S"":""off""},""relay_on"":{""BOOL"":false}}","[{""M"":{""mppt_kw"":{""L"":[{""N"":""4.8""},{""N"":""4.6""},{""N"":""4.7""},{""N"":""4.4""}]},""p_total_kw"":{""N"":""18.5""},""battery_current_a"":{""N"":""8.2""},""battery_soc"":{""N"":""58""},""slave_id"":{""N"":""1""},""status"":{""S"":""running""},""battery_status"":{""S"":""charging""}}}]","[{""M"":{""slave_id"":{""N"":""30""},""irradiance_w_per_m2"":{""N"":""650""}}}]","[{""M"":{""p_total_w"":{""N"":""2100""},""kwh_total"":{""N"":""920""},""freq_hz"":{""N"":""50""},""i1"":{""N"":""3.21""},""i2"":{""N"":""3.105""},""i3"":{""N"":""3.32""},""v1"":{""N"":""228.4""},""v2"":{""N"":""229.1""},""v3"":{""N"":""227.9""},""slave_id"":{""N"":""11""}}},{""M"":{""p_total_w"":{""N"":""7500""},""kwh_total"":{""N"":""4800""},""freq_hz"":{""N"":""50""},""i1"":{""N"":""12.45""},""i2"":{""N"":""12.11""},""i3"":{""N"":""12.78""},""tariff"":{""M"":{""kwh_t1"":{""N"":""4100""},""kwh_t2"":{""N"":""700""}}},""v1"":{""N"":""228.4""},""v2"":{""N"":""229.1""},""v3"":{""N"":""227.9""},""slave_id"":{""N"":""12""}}},{""M"":{""p_total_w"":{""N"":""6000""},""kwh_total"":{""N"":""3600""},""freq_hz"":{""N"":""50""},""i1"":{""N"":""9.2""},""i2"":{""N"":""8.95""},""i3"":{""N"":""9.41""},""v1"":{""N"":""228.4""},""v2"":{""N"":""229.1""},""v3"":{""N"":""227.9""},""slave_id"":{""N"":""13""}}}]","{""ts_epoch_ms"":{""N"":""1775860313000""}}"
"ESP32-DUMMY-002","1775860373000","[{""M"":{""temperature_c"":{""N"":""22""},""slave_id"":{""N"":""21""},""status"":{""S"":""ok""}}}]","{""client_email"":{""S"":""example@paradise.com""},""site_id"":{""S"":""2""},""client_name"":{""S"":""Paradise Resort""},""client_id"":{""S"":""001""}}","{""firmware"":{""S"":""paradise-esp32-dummy-site2-1.0""},""gateway_id"":{""S"":""ESP32-DUMMY-002""}}","{""status"":{""S"":""off""},""relay_on"":{""BOOL"":false}}","[{""M"":{""mppt_kw"":{""L"":[{""N"":""4.8""},{""N"":""4.6""},{""N"":""4.7""},{""N"":""4.4""}]},""p_total_kw"":{""N"":""18.5""},""battery_current_a"":{""N"":""8.2""},""battery_soc"":{""N"":""58""},""slave_id"":{""N"":""1""},""status"":{""S"":""running""},""battery_status"":{""S"":""charging""}}}]","[{""M"":{""slave_id"":{""N"":""30""},""irradiance_w_per_m2"":{""N"":""650""}}}]","[{""M"":{""p_total_w"":{""N"":""2100""},""kwh_total"":{""N"":""920""},""freq_hz"":{""N"":""50""},""i1"":{""N"":""3.21""},""i2"":{""N"":""3.105""},""i3"":{""N"":""3.32""},""v1"":{""N"":""228.4""},""v2"":{""N"":""229.1""},""v3"":{""N"":""227.9""},""slave_id"":{""N"":""11""}}},{""M"":{""p_total_w"":{""N"":""7500""},""kwh_total"":{""N"":""4800""},""freq_hz"":{""N"":""50""},""i1"":{""N"":""12.45""},""i2"":{""N"":""12.11""},""i3"":{""N"":""12.78""},""tariff"":{""M"":{""kwh_t1"":{""N"":""4100""},""kwh_t2"":{""N"":""700""}}},""v1"":{""N"":""228.4""},""v2"":{""N"":""229.1""},""v3"":{""N"":""227.9""},""slave_id"":{""N"":""12""}}},{""M"":{""p_total_w"":{""N"":""6000""},""kwh_total"":{""N"":""3600""},""freq_hz"":{""N"":""50""},""i1"":{""N"":""9.2""},""i2"":{""N"":""8.95""},""i3"":{""N"":""9.41""},""v1"":{""N"":""228.4""},""v2"":{""N"":""229.1""},""v3"":{""N"":""227.9""},""slave_id"":{""N"":""13""}}}]","{""ts_epoch_ms"":{""N"":""1775860373000""}}"
"ESP32-DUMMY-002","1775860433000","[{""M"":{""temperature_c"":{""N"":""22""},""slave_id"":{""N"":""21""},""status"":{""S"":""ok""}}}]","{""client_email"":{""S"":""example@paradise.com""},""site_id"":{""S"":""2""},""client_name"":{""S"":""Paradise Resort""},""client_id"":{""S"":""001""}}","{""firmware"":{""S"":""paradise-esp32-dummy-site2-1.0""},""gateway_id"":{""S"":""ESP32-DUMMY-002""}}","{""status"":{""S"":""off""},""relay_on"":{""BOOL"":false}}","[{""M"":{""mppt_kw"":{""L"":[{""N"":""4.8""},{""N"":""4.6""},{""N"":""4.7""},{""N"":""4.4""}]},""p_total_kw"":{""N"":""18.5""},""battery_current_a"":{""N"":""8.2""},""battery_soc"":{""N"":""58""},""slave_id"":{""N"":""1""},""status"":{""S"":""running""},""battery_status"":{""S"":""charging""}}}]","[{""M"":{""slave_id"":{""N"":""30""},""irradiance_w_per_m2"":{""N"":""650""}}}]","[{""M"":{""p_total_w"":{""N"":""2100""},""kwh_total"":{""N"":""920""},""freq_hz"":{""N"":""50""},""i1"":{""N"":""3.21""},""i2"":{""N"":""3.105""},""i3"":{""N"":""3.32""},""v1"":{""N"":""228.4""},""v2"":{""N"":""229.1""},""v3"":{""N"":""227.9""},""slave_id"":{""N"":""11""}}},{""M"":{""p_total_w"":{""N"":""7500""},""kwh_total"":{""N"":""4800""},""freq_hz"":{""N"":""50""},""i1"":{""N"":""12.45""},""i2"":{""N"":""12.11""},""i3"":{""N"":""12.78""},""tariff"":{""M"":{""kwh_t1"":{""N"":""4100""},""kwh_t2"":{""N"":""700""}}},""v1"":{""N"":""228.4""},""v2"":{""N"":""229.1""},""v3"":{""N"":""227.9""},""slave_id"":{""N"":""12""}}},{""M"":{""p_total_w"":{""N"":""6000""},""kwh_total"":{""N"":""3600""},""freq_hz"":{""N"":""50""},""i1"":{""N"":""9.2""},""i2"":{""N"":""8.95""},""i3"":{""N"":""9.41""},""v1"":{""N"":""228.4""},""v2"":{""N"":""229.1""},""v3"":{""N"":""227.9""},""slave_id"":{""N"":""13""}}}]","{""ts_epoch_ms"":{""N"":""1775860433000""}}"
"ESP32-DUMMY-002","1775860493000","[{""M"":{""temperature_c"":{""N"":""22""},""slave_id"":{""N"":""21""},""status"":{""S"":""ok""}}}]","{""client_email"":{""S"":""example@paradise.com""},""site_id"":{""S"":""2""},""client_name"":{""S"":""Paradise Resort""},""client_id"":{""S"":""001""}}","{""firmware"":{""S"":""paradise-esp32-dummy-site2-1.0""},""gateway_id"":{""S"":""ESP32-DUMMY-002""}}","{""status"":{""S"":""off""},""relay_on"":{""BOOL"":false}}","[{""M"":{""mppt_kw"":{""L"":[{""N"":""4.8""},{""N"":""4.6""},{""N"":""4.7""},{""N"":""4.4""}]},""p_total_kw"":{""N"":""18.5""},""battery_current_a"":{""N"":""8.2""},""battery_soc"":{""N"":""58""},""slave_id"":{""N"":""1""},""status"":{""S"":""running""},""battery_status"":{""S"":""charging""}}}]","[{""M"":{""slave_id"":{""N"":""30""},""irradiance_w_per_m2"":{""N"":""650""}}}]","[{""M"":{""p_total_w"":{""N"":""2100""},""kwh_total"":{""N"":""920""},""freq_hz"":{""N"":""50""},""i1"":{""N"":""3.21""},""i2"":{""N"":""3.105""},""i3"":{""N"":""3.32""},""v1"":{""N"":""228.4""},""v2"":{""N"":""229.1""},""v3"":{""N"":""227.9""},""slave_id"":{""N"":""11""}}},{""M"":{""p_total_w"":{""N"":""7500""},""kwh_total"":{""N"":""4800""},""freq_hz"":{""N"":""50""},""i1"":{""N"":""12.45""},""i2"":{""N"":""12.11""},""i3"":{""N"":""12.78""},""tariff"":{""M"":{""kwh_t1"":{""N"":""4100""},""kwh_t2"":{""N"":""700""}}},""v1"":{""N"":""228.4""},""v2"":{""N"":""229.1""},""v3"":{""N"":""227.9""},""slave_id"":{""N"":""12""}}},{""M"":{""p_total_w"":{""N"":""6000""},""kwh_total"":{""N"":""3600""},""freq_hz"":{""N"":""50""},""i1"":{""N"":""9.2""},""i2"":{""N"":""8.95""},""i3"":{""N"":""9.41""},""v1"":{""N"":""228.4""},""v2"":{""N"":""229.1""},""v3"":{""N"":""227.9""},""slave_id"":{""N"":""13""}}}]","{""ts_epoch_ms"":{""N"":""1775860493000""}}"
"ESP32-DUMMY-002","1775860553000","[{""M"":{""temperature_c"":{""N"":""22""},""slave_id"":{""N"":""21""},""status"":{""S"":""ok""}}}]","{""client_email"":{""S"":""example@paradise.com""},""site_id"":{""S"":""2""},""client_name"":{""S"":""Paradise Resort""},""client_id"":{""S"":""001""}}","{""firmware"":{""S"":""paradise-esp32-dummy-site2-1.0""},""gateway_id"":{""S"":""ESP32-DUMMY-002""}}","{""status"":{""S"":""off""},""relay_on"":{""BOOL"":false}}","[{""M"":{""mppt_kw"":{""L"":[{""N"":""4.8""},{""N"":""4.6""},{""N"":""4.7""},{""N"":""4.4""}]},""p_total_kw"":{""N"":""18.5""},""battery_current_a"":{""N"":""8.2""},""battery_soc"":{""N"":""58""},""slave_id"":{""N"":""1""},""status"":{""S"":""running""},""battery_status"":{""S"":""charging""}}}]","[{""M"":{""slave_id"":{""N"":""30""},""irradiance_w_per_m2"":{""N"":""650""}}}]","[{""M"":{""p_total_w"":{""N"":""2100""},""kwh_total"":{""N"":""920""},""freq_hz"":{""N"":""50""},""i1"":{""N"":""3.21""},""i2"":{""N"":""3.105""},""i3"":{""N"":""3.32""},""v1"":{""N"":""228.4""},""v2"":{""N"":""229.1""},""v3"":{""N"":""227.9""},""slave_id"":{""N"":""11""}}},{""M"":{""p_total_w"":{""N"":""7500""},""kwh_total"":{""N"":""4800""},""freq_hz"":{""N"":""50""},""i1"":{""N"":""12.45""},""i2"":{""N"":""12.11""},""i3"":{""N"":""12.78""},""tariff"":{""M"":{""kwh_t1"":{""N"":""4100""},""kwh_t2"":{""N"":""700""}}},""v1"":{""N"":""228.4""},""v2"":{""N"":""229.1""},""v3"":{""N"":""227.9""},""slave_id"":{""N"":""12""}}},{""M"":{""p_total_w"":{""N"":""6000""},""kwh_total"":{""N"":""3600""},""freq_hz"":{""N"":""50""},""i1"":{""N"":""9.2""},""i2"":{""N"":""8.95""},""i3"":{""N"":""9.41""},""v1"":{""N"":""228.4""},""v2"":{""N"":""229.1""},""v3"":{""N"":""227.9""},""slave_id"":{""N"":""13""}}}]","{""ts_epoch_ms"":{""N"":""1775860553000""}}"
"ESP32-DUMMY-002","1775860613000","[{""M"":{""temperature_c"":{""N"":""22""},""slave_id"":{""N"":""21""},""status"":{""S"":""ok""}}}]","{""client_email"":{""S"":""example@paradise.com""},""site_id"":{""S"":""2""},""client_name"":{""S"":""Paradise Resort""},""client_id"":{""S"":""001""}}","{""firmware"":{""S"":""paradise-esp32-dummy-site2-1.0""},""gateway_id"":{""S"":""ESP32-DUMMY-002""}}","{""status"":{""S"":""off""},""relay_on"":{""BOOL"":false}}","[{""M"":{""mppt_kw"":{""L"":[{""N"":""4.8""},{""N"":""4.6""},{""N"":""4.7""},{""N"":""4.4""}]},""p_total_kw"":{""N"":""18.5""},""battery_current_a"":{""N"":""8.2""},""battery_soc"":{""N"":""58""},""slave_id"":{""N"":""1""},""status"":{""S"":""running""},""battery_status"":{""S"":""charging""}}}]","[{""M"":{""slave_id"":{""N"":""30""},""irradiance_w_per_m2"":{""N"":""650""}}}]","[{""M"":{""p_total_w"":{""N"":""2100""},""kwh_total"":{""N"":""920""},""freq_hz"":{""N"":""50""},""i1"":{""N"":""3.21""},""i2"":{""N"":""3.105""},""i3"":{""N"":""3.32""},""v1"":{""N"":""228.4""},""v2"":{""N"":""229.1""},""v3"":{""N"":""227.9""},""slave_id"":{""N"":""11""}}},{""M"":{""p_total_w"":{""N"":""7500""},""kwh_total"":{""N"":""4800""},""freq_hz"":{""N"":""50""},""i1"":{""N"":""12.45""},""i2"":{""N"":""12.11""},""i3"":{""N"":""12.78""},""tariff"":{""M"":{""kwh_t1"":{""N"":""4100""},""kwh_t2"":{""N"":""700""}}},""v1"":{""N"":""228.4""},""v2"":{""N"":""229.1""},""v3"":{""N"":""227.9""},""slave_id"":{""N"":""12""}}},{""M"":{""p_total_w"":{""N"":""6000""},""kwh_total"":{""N"":""3600""},""freq_hz"":{""N"":""50""},""i1"":{""N"":""9.2""},""i2"":{""N"":""8.95""},""i3"":{""N"":""9.41""},""v1"":{""N"":""228.4""},""v2"":{""N"":""229.1""},""v3"":{""N"":""227.9""},""slave_id"":{""N"":""13""}}}]","{""ts_epoch_ms"":{""N"":""1775860613000""}}"
"ESP32-DUMMY-002","1775860673000","[{""M"":{""temperature_c"":{""N"":""22""},""slave_id"":{""N"":""21""},""status"":{""S"":""ok""}}}]","{""client_email"":{""S"":""example@paradise.com""},""site_id"":{""S"":""2""},""client_name"":{""S"":""Paradise Resort""},""client_id"":{""S"":""001""}}","{""firmware"":{""S"":""paradise-esp32-dummy-site2-1.0""},""gateway_id"":{""S"":""ESP32-DUMMY-002""}}","{""status"":{""S"":""off""},""relay_on"":{""BOOL"":false}}","[{""M"":{""mppt_kw"":{""L"":[{""N"":""4.8""},{""N"":""4.6""},{""N"":""4.7""},{""N"":""4.4""}]},""p_total_kw"":{""N"":""18.5""},""battery_current_a"":{""N"":""8.2""},""battery_soc"":{""N"":""58""},""slave_id"":{""N"":""1""},""status"":{""S"":""running""},""battery_status"":{""S"":""charging""}}}]","[{""M"":{""slave_id"":{""N"":""30""},""irradiance_w_per_m2"":{""N"":""650""}}}]","[{""M"":{""p_total_w"":{""N"":""2100""},""kwh_total"":{""N"":""920""},""freq_hz"":{""N"":""50""},""i1"":{""N"":""3.21""},""i2"":{""N"":""3.105""},""i3"":{""N"":""3.32""},""v1"":{""N"":""228.4""},""v2"":{""N"":""229.1""},""v3"":{""N"":""227.9""},""slave_id"":{""N"":""11""}}},{""M"":{""p_total_w"":{""N"":""7500""},""kwh_total"":{""N"":""4800""},""freq_hz"":{""N"":""50""},""i1"":{""N"":""12.45""},""i2"":{""N"":""12.11""},""i3"":{""N"":""12.78""},""tariff"":{""M"":{""kwh_t1"":{""N"":""4100""},""kwh_t2"":{""N"":""700""}}},""v1"":{""N"":""228.4""},""v2"":{""N"":""229.1""},""v3"":{""N"":""227.9""},""slave_id"":{""N"":""12""}}},{""M"":{""p_total_w"":{""N"":""6000""},""kwh_total"":{""N"":""3600""},""freq_hz"":{""N"":""50""},""i1"":{""N"":""9.2""},""i2"":{""N"":""8.95""},""i3"":{""N"":""9.41""},""v1"":{""N"":""228.4""},""v2"":{""N"":""229.1""},""v3"":{""N"":""227.9""},""slave_id"":{""N"":""13""}}}]","{""ts_epoch_ms"":{""N"":""1775860673000""}}"
"ESP32-DUMMY-002","1775860733000","[{""M"":{""temperature_c"":{""N"":""22""},""slave_id"":{""N"":""21""},""status"":{""S"":""ok""}}}]","{""client_email"":{""S"":""example@paradise.com""},""site_id"":{""S"":""2""},""client_name"":{""S"":""Paradise Resort""},""client_id"":{""S"":""001""}}","{""firmware"":{""S"":""paradise-esp32-dummy-site2-1.0""},""gateway_id"":{""S"":""ESP32-DUMMY-002""}}","{""status"":{""S"":""off""},""relay_on"":{""BOOL"":false}}","[{""M"":{""mppt_kw"":{""L"":[{""N"":""4.8""},{""N"":""4.6""},{""N"":""4.7""},{""N"":""4.4""}]},""p_total_kw"":{""N"":""18.5""},""battery_current_a"":{""N"":""8.2""},""battery_soc"":{""N"":""58""},""slave_id"":{""N"":""1""},""status"":{""S"":""running""},""battery_status"":{""S"":""charging""}}}]","[{""M"":{""slave_id"":{""N"":""30""},""irradiance_w_per_m2"":{""N"":""650""}}}]","[{""M"":{""p_total_w"":{""N"":""2100""},""kwh_total"":{""N"":""920""},""freq_hz"":{""N"":""50""},""i1"":{""N"":""3.21""},""i2"":{""N"":""3.105""},""i3"":{""N"":""3.32""},""v1"":{""N"":""228.4""},""v2"":{""N"":""229.1""},""v3"":{""N"":""227.9""},""slave_id"":{""N"":""11""}}},{""M"":{""p_total_w"":{""N"":""7500""},""kwh_total"":{""N"":""4800""},""freq_hz"":{""N"":""50""},""i1"":{""N"":""12.45""},""i2"":{""N"":""12.11""},""i3"":{""N"":""12.78""},""tariff"":{""M"":{""kwh_t1"":{""N"":""4100""},""kwh_t2"":{""N"":""700""}}},""v1"":{""N"":""228.4""},""v2"":{""N"":""229.1""},""v3"":{""N"":""227.9""},""slave_id"":{""N"":""12""}}},{""M"":{""p_total_w"":{""N"":""6000""},""kwh_total"":{""N"":""3600""},""freq_hz"":{""N"":""50""},""i1"":{""N"":""9.2""},""i2"":{""N"":""8.95""},""i3"":{""N"":""9.41""},""v1"":{""N"":""228.4""},""v2"":{""N"":""229.1""},""v3"":{""N"":""227.9""},""slave_id"":{""N"":""13""}}}]","{""ts_epoch_ms"":{""N"":""1775860733000""}}"
"ESP32-DUMMY-002","1775860793000","[{""M"":{""temperature_c"":{""N"":""22""},""slave_id"":{""N"":""21""},""status"":{""S"":""ok""}}}]","{""client_email"":{""S"":""example@paradise.com""},""site_id"":{""S"":""2""},""client_name"":{""S"":""Paradise Resort""},""client_id"":{""S"":""001""}}","{""firmware"":{""S"":""paradise-esp32-dummy-site2-1.0""},""gateway_id"":{""S"":""ESP32-DUMMY-002""}}","{""status"":{""S"":""off""},""relay_on"":{""BOOL"":false}}","[{""M"":{""mppt_kw"":{""L"":[{""N"":""4.8""},{""N"":""4.6""},{""N"":""4.7""},{""N"":""4.4""}]},""p_total_kw"":{""N"":""18.5""},""battery_current_a"":{""N"":""8.2""},""battery_soc"":{""N"":""58""},""slave_id"":{""N"":""1""},""status"":{""S"":""running""},""battery_status"":{""S"":""charging""}}}]","[{""M"":{""slave_id"":{""N"":""30""},""irradiance_w_per_m2"":{""N"":""650""}}}]","[{""M"":{""p_total_w"":{""N"":""2100""},""kwh_total"":{""N"":""920""},""freq_hz"":{""N"":""50""},""i1"":{""N"":""3.21""},""i2"":{""N"":""3.105""},""i3"":{""N"":""3.32""},""v1"":{""N"":""228.4""},""v2"":{""N"":""229.1""},""v3"":{""N"":""227.9""},""slave_id"":{""N"":""11""}}},{""M"":{""p_total_w"":{""N"":""7500""},""kwh_total"":{""N"":""4800""},""freq_hz"":{""N"":""50""},""i1"":{""N"":""12.45""},""i2"":{""N"":""12.11""},""i3"":{""N"":""12.78""},""tariff"":{""M"":{""kwh_t1"":{""N"":""4100""},""kwh_t2"":{""N"":""700""}}},""v1"":{""N"":""228.4""},""v2"":{""N"":""229.1""},""v3"":{""N"":""227.9""},""slave_id"":{""N"":""12""}}},{""M"":{""p_total_w"":{""N"":""6000""},""kwh_total"":{""N"":""3600""},""freq_hz"":{""N"":""50""},""i1"":{""N"":""9.2""},""i2"":{""N"":""8.95""},""i3"":{""N"":""9.41""},""v1"":{""N"":""228.4""},""v2"":{""N"":""229.1""},""v3"":{""N"":""227.9""},""slave_id"":{""N"":""13""}}}]","{""ts_epoch_ms"":{""N"":""1775860793000""}}"
"ESP32-DUMMY-002","1775860853000","[{""M"":{""temperature_c"":{""N"":""22""},""slave_id"":{""N"":""21""},""status"":{""S"":""ok""}}}]","{""client_email"":{""S"":""example@paradise.com""},""site_id"":{""S"":""2""},""client_name"":{""S"":""Paradise Resort""},""client_id"":{""S"":""001""}}","{""firmware"":{""S"":""paradise-esp32-dummy-site2-1.0""},""gateway_id"":{""S"":""ESP32-DUMMY-002""}}","{""status"":{""S"":""off""},""relay_on"":{""BOOL"":false}}","[{""M"":{""mppt_kw"":{""L"":[{""N"":""4.8""},{""N"":""4.6""},{""N"":""4.7""},{""N"":""4.4""}]},""p_total_kw"":{""N"":""18.5""},""battery_current_a"":{""N"":""8.2""},""battery_soc"":{""N"":""58""},""slave_id"":{""N"":""1""},""status"":{""S"":""running""},""battery_status"":{""S"":""charging""}}}]","[{""M"":{""slave_id"":{""N"":""30""},""irradiance_w_per_m2"":{""N"":""650""}}}]","[{""M"":{""p_total_w"":{""N"":""2100""},""kwh_total"":{""N"":""920""},""freq_hz"":{""N"":""50""},""i1"":{""N"":""3.21""},""i2"":{""N"":""3.105""},""i3"":{""N"":""3.32""},""v1"":{""N"":""228.4""},""v2"":{""N"":""229.1""},""v3"":{""N"":""227.9""},""slave_id"":{""N"":""11""}}},{""M"":{""p_total_w"":{""N"":""7500""},""kwh_total"":{""N"":""4800""},""freq_hz"":{""N"":""50""},""i1"":{""N"":""12.45""},""i2"":{""N"":""12.11""},""i3"":{""N"":""12.78""},""tariff"":{""M"":{""kwh_t1"":{""N"":""4100""},""kwh_t2"":{""N"":""700""}}},""v1"":{""N"":""228.4""},""v2"":{""N"":""229.1""},""v3"":{""N"":""227.9""},""slave_id"":{""N"":""12""}}},{""M"":{""p_total_w"":{""N"":""6000""},""kwh_total"":{""N"":""3600""},""freq_hz"":{""N"":""50""},""i1"":{""N"":""9.2""},""i2"":{""N"":""8.95""},""i3"":{""N"":""9.41""},""v1"":{""N"":""228.4""},""v2"":{""N"":""229.1""},""v3"":{""N"":""227.9""},""slave_id"":{""N"":""13""}}}]","{""ts_epoch_ms"":{""N"":""1775860853000""}}"
"ESP32-DUMMY-002","1775860913000","[{""M"":{""temperature_c"":{""N"":""22""},""slave_id"":{""N"":""21""},""status"":{""S"":""ok""}}}]","{""client_email"":{""S"":""example@paradise.com""},""site_id"":{""S"":""2""},""client_name"":{""S"":""Paradise Resort""},""client_id"":{""S"":""001""}}","{""firmware"":{""S"":""paradise-esp32-dummy-site2-1.0""},""gateway_id"":{""S"":""ESP32-DUMMY-002""}}","{""status"":{""S"":""off""},""relay_on"":{""BOOL"":false}}","[{""M"":{""mppt_kw"":{""L"":[{""N"":""4.8""},{""N"":""4.6""},{""N"":""4.7""},{""N"":""4.4""}]},""p_total_kw"":{""N"":""18.5""},""battery_current_a"":{""N"":""8.2""},""battery_soc"":{""N"":""58""},""slave_id"":{""N"":""1""},""status"":{""S"":""running""},""battery_status"":{""S"":""charging""}}}]","[{""M"":{""slave_id"":{""N"":""30""},""irradiance_w_per_m2"":{""N"":""650""}}}]","[{""M"":{""p_total_w"":{""N"":""2100""},""kwh_total"":{""N"":""920""},""freq_hz"":{""N"":""50""},""i1"":{""N"":""3.21""},""i2"":{""N"":""3.105""},""i3"":{""N"":""3.32""},""v1"":{""N"":""228.4""},""v2"":{""N"":""229.1""},""v3"":{""N"":""227.9""},""slave_id"":{""N"":""11""}}},{""M"":{""p_total_w"":{""N"":""7500""},""kwh_total"":{""N"":""4800""},""freq_hz"":{""N"":""50""},""i1"":{""N"":""12.45""},""i2"":{""N"":""12.11""},""i3"":{""N"":""12.78""},""tariff"":{""M"":{""kwh_t1"":{""N"":""4100""},""kwh_t2"":{""N"":""700""}}},""v1"":{""N"":""228.4""},""v2"":{""N"":""229.1""},""v3"":{""N"":""227.9""},""slave_id"":{""N"":""12""}}},{""M"":{""p_total_w"":{""N"":""6000""},""kwh_total"":{""N"":""3600""},""freq_hz"":{""N"":""50""},""i1"":{""N"":""9.2""},""i2"":{""N"":""8.95""},""i3"":{""N"":""9.41""},""v1"":{""N"":""228.4""},""v2"":{""N"":""229.1""},""v3"":{""N"":""227.9""},""slave_id"":{""N"":""13""}}}]","{""ts_epoch_ms"":{""N"":""1775860913000""}}"
"ESP32-DUMMY-002","1775860973000","[{""M"":{""temperature_c"":{""N"":""22""},""slave_id"":{""N"":""21""},""status"":{""S"":""ok""}}}]","{""client_email"":{""S"":""example@paradise.com""},""site_id"":{""S"":""2""},""client_name"":{""S"":""Paradise Resort""},""client_id"":{""S"":""001""}}","{""firmware"":{""S"":""paradise-esp32-dummy-site2-1.0""},""gateway_id"":{""S"":""ESP32-DUMMY-002""}}","{""status"":{""S"":""off""},""relay_on"":{""BOOL"":false}}","[{""M"":{""mppt_kw"":{""L"":[{""N"":""4.8""},{""N"":""4.6""},{""N"":""4.7""},{""N"":""4.4""}]},""p_total_kw"":{""N"":""18.5""},""battery_current_a"":{""N"":""8.2""},""battery_soc"":{""N"":""58""},""slave_id"":{""N"":""1""},""status"":{""S"":""running""},""battery_status"":{""S"":""charging""}}}]","[{""M"":{""slave_id"":{""N"":""30""},""irradiance_w_per_m2"":{""N"":""650""}}}]","[{""M"":{""p_total_w"":{""N"":""2100""},""kwh_total"":{""N"":""920""},""freq_hz"":{""N"":""50""},""i1"":{""N"":""3.21""},""i2"":{""N"":""3.105""},""i3"":{""N"":""3.32""},""v1"":{""N"":""228.4""},""v2"":{""N"":""229.1""},""v3"":{""N"":""227.9""},""slave_id"":{""N"":""11""}}},{""M"":{""p_total_w"":{""N"":""7500""},""kwh_total"":{""N"":""4800""},""freq_hz"":{""N"":""50""},""i1"":{""N"":""12.45""},""i2"":{""N"":""12.11""},""i3"":{""N"":""12.78""},""tariff"":{""M"":{""kwh_t1"":{""N"":""4100""},""kwh_t2"":{""N"":""700""}}},""v1"":{""N"":""228.4""},""v2"":{""N"":""229.1""},""v3"":{""N"":""227.9""},""slave_id"":{""N"":""12""}}},{""M"":{""p_total_w"":{""N"":""6000""},""kwh_total"":{""N"":""3600""},""freq_hz"":{""N"":""50""},""i1"":{""N"":""9.2""},""i2"":{""N"":""8.95""},""i3"":{""N"":""9.41""},""v1"":{""N"":""228.4""},""v2"":{""N"":""229.1""},""v3"":{""N"":""227.9""},""slave_id"":{""N"":""13""}}}]","{""ts_epoch_ms"":{""N"":""1775860973000""}}"
"ESP32-DUMMY-002","1775861033000","[{""M"":{""temperature_c"":{""N"":""22""},""slave_id"":{""N"":""21""},""status"":{""S"":""ok""}}}]","{""client_email"":{""S"":""example@paradise.com""},""site_id"":{""S"":""2""},""client_name"":{""S"":""Paradise Resort""},""client_id"":{""S"":""001""}}","{""firmware"":{""S"":""paradise-esp32-dummy-site2-1.0""},""gateway_id"":{""S"":""ESP32-DUMMY-002""}}","{""status"":{""S"":""off""},""relay_on"":{""BOOL"":false}}","[{""M"":{""mppt_kw"":{""L"":[{""N"":""4.8""},{""N"":""4.6""},{""N"":""4.7""},{""N"":""4.4""}]},""p_total_kw"":{""N"":""18.5""},""battery_current_a"":{""N"":""8.2""},""battery_soc"":{""N"":""58""},""slave_id"":{""N"":""1""},""status"":{""S"":""running""},""battery_status"":{""S"":""charging""}}}]","[{""M"":{""slave_id"":{""N"":""30""},""irradiance_w_per_m2"":{""N"":""650""}}}]","[{""M"":{""p_total_w"":{""N"":""2100""},""kwh_total"":{""N"":""920""},""freq_hz"":{""N"":""50""},""i1"":{""N"":""3.21""},""i2"":{""N"":""3.105""},""i3"":{""N"":""3.32""},""v1"":{""N"":""228.4""},""v2"":{""N"":""229.1""},""v3"":{""N"":""227.9""},""slave_id"":{""N"":""11""}}},{""M"":{""p_total_w"":{""N"":""7500""},""kwh_total"":{""N"":""4800""},""freq_hz"":{""N"":""50""},""i1"":{""N"":""12.45""},""i2"":{""N"":""12.11""},""i3"":{""N"":""12.78""},""tariff"":{""M"":{""kwh_t1"":{""N"":""4100""},""kwh_t2"":{""N"":""700""}}},""v1"":{""N"":""228.4""},""v2"":{""N"":""229.1""},""v3"":{""N"":""227.9""},""slave_id"":{""N"":""12""}}},{""M"":{""p_total_w"":{""N"":""6000""},""kwh_total"":{""N"":""3600""},""freq_hz"":{""N"":""50""},""i1"":{""N"":""9.2""},""i2"":{""N"":""8.95""},""i3"":{""N"":""9.41""},""v1"":{""N"":""228.4""},""v2"":{""N"":""229.1""},""v3"":{""N"":""227.9""},""slave_id"":{""N"":""13""}}}]","{""ts_epoch_ms"":{""N"":""1775861033000""}}"
"ESP32-DUMMY-002","1775861093000","[{""M"":{""temperature_c"":{""N"":""22""},""slave_id"":{""N"":""21""},""status"":{""S"":""ok""}}}]","{""client_email"":{""S"":""example@paradise.com""},""site_id"":{""S"":""2""},""client_name"":{""S"":""Paradise Resort""},""client_id"":{""S"":""001""}}","{""firmware"":{""S"":""paradise-esp32-dummy-site2-1.0""},""gateway_id"":{""S"":""ESP32-DUMMY-002""}}","{""status"":{""S"":""off""},""relay_on"":{""BOOL"":false}}","[{""M"":{""mppt_kw"":{""L"":[{""N"":""4.8""},{""N"":""4.6""},{""N"":""4.7""},{""N"":""4.4""}]},""p_total_kw"":{""N"":""18.5""},""battery_current_a"":{""N"":""8.2""},""battery_soc"":{""N"":""58""},""slave_id"":{""N"":""1""},""status"":{""S"":""running""},""battery_status"":{""S"":""charging""}}}]","[{""M"":{""slave_id"":{""N"":""30""},""irradiance_w_per_m2"":{""N"":""650""}}}]","[{""M"":{""p_total_w"":{""N"":""2100""},""kwh_total"":{""N"":""920""},""freq_hz"":{""N"":""50""},""i1"":{""N"":""3.21""},""i2"":{""N"":""3.105""},""i3"":{""N"":""3.32""},""v1"":{""N"":""228.4""},""v2"":{""N"":""229.1""},""v3"":{""N"":""227.9""},""slave_id"":{""N"":""11""}}},{""M"":{""p_total_w"":{""N"":""7500""},""kwh_total"":{""N"":""4800""},""freq_hz"":{""N"":""50""},""i1"":{""N"":""12.45""},""i2"":{""N"":""12.11""},""i3"":{""N"":""12.78""},""tariff"":{""M"":{""kwh_t1"":{""N"":""4100""},""kwh_t2"":{""N"":""700""}}},""v1"":{""N"":""228.4""},""v2"":{""N"":""229.1""},""v3"":{""N"":""227.9""},""slave_id"":{""N"":""12""}}},{""M"":{""p_total_w"":{""N"":""6000""},""kwh_total"":{""N"":""3600""},""freq_hz"":{""N"":""50""},""i1"":{""N"":""9.2""},""i2"":{""N"":""8.95""},""i3"":{""N"":""9.41""},""v1"":{""N"":""228.4""},""v2"":{""N"":""229.1""},""v3"":{""N"":""227.9""},""slave_id"":{""N"":""13""}}}]","{""ts_epoch_ms"":{""N"":""1775861093000""}}"
"ESP32-DUMMY-002","1775861153000","[{""M"":{""temperature_c"":{""N"":""22""},""slave_id"":{""N"":""21""},""status"":{""S"":""ok""}}}]","{""client_email"":{""S"":""example@paradise.com""},""site_id"":{""S"":""2""},""client_name"":{""S"":""Paradise Resort""},""client_id"":{""S"":""001""}}","{""firmware"":{""S"":""paradise-esp32-dummy-site2-1.0""},""gateway_id"":{""S"":""ESP32-DUMMY-002""}}","{""status"":{""S"":""off""},""relay_on"":{""BOOL"":false}}","[{""M"":{""mppt_kw"":{""L"":[{""N"":""4.8""},{""N"":""4.6""},{""N"":""4.7""},{""N"":""4.4""}]},""p_total_kw"":{""N"":""18.5""},""battery_current_a"":{""N"":""8.2""},""battery_soc"":{""N"":""58""},""slave_id"":{""N"":""1""},""status"":{""S"":""running""},""battery_status"":{""S"":""charging""}}}]","[{""M"":{""slave_id"":{""N"":""30""},""irradiance_w_per_m2"":{""N"":""650""}}}]","[{""M"":{""p_total_w"":{""N"":""2100""},""kwh_total"":{""N"":""920""},""freq_hz"":{""N"":""50""},""i1"":{""N"":""3.21""},""i2"":{""N"":""3.105""},""i3"":{""N"":""3.32""},""v1"":{""N"":""228.4""},""v2"":{""N"":""229.1""},""v3"":{""N"":""227.9""},""slave_id"":{""N"":""11""}}},{""M"":{""p_total_w"":{""N"":""7500""},""kwh_total"":{""N"":""4800""},""freq_hz"":{""N"":""50""},""i1"":{""N"":""12.45""},""i2"":{""N"":""12.11""},""i3"":{""N"":""12.78""},""tariff"":{""M"":{""kwh_t1"":{""N"":""4100""},""kwh_t2"":{""N"":""700""}}},""v1"":{""N"":""228.4""},""v2"":{""N"":""229.1""},""v3"":{""N"":""227.9""},""slave_id"":{""N"":""12""}}},{""M"":{""p_total_w"":{""N"":""6000""},""kwh_total"":{""N"":""3600""},""freq_hz"":{""N"":""50""},""i1"":{""N"":""9.2""},""i2"":{""N"":""8.95""},""i3"":{""N"":""9.41""},""v1"":{""N"":""228.4""},""v2"":{""N"":""229.1""},""v3"":{""N"":""227.9""},""slave_id"":{""N"":""13""}}}]","{""ts_epoch_ms"":{""N"":""1775861153000""}}"
"ESP32-DUMMY-002","1775861213000","[{""M"":{""temperature_c"":{""N"":""22""},""slave_id"":{""N"":""21""},""status"":{""S"":""ok""}}}]","{""client_email"":{""S"":""example@paradise.com""},""site_id"":{""S"":""2""},""client_name"":{""S"":""Paradise Resort""},""client_id"":{""S"":""001""}}","{""firmware"":{""S"":""paradise-esp32-dummy-site2-1.0""},""gateway_id"":{""S"":""ESP32-DUMMY-002""}}","{""status"":{""S"":""off""},""relay_on"":{""BOOL"":false}}","[{""M"":{""mppt_kw"":{""L"":[{""N"":""4.8""},{""N"":""4.6""},{""N"":""4.7""},{""N"":""4.4""}]},""p_total_kw"":{""N"":""18.5""},""battery_current_a"":{""N"":""8.2""},""battery_soc"":{""N"":""58""},""slave_id"":{""N"":""1""},""status"":{""S"":""running""},""battery_status"":{""S"":""charging""}}}]","[{""M"":{""slave_id"":{""N"":""30""},""irradiance_w_per_m2"":{""N"":""650""}}}]","[{""M"":{""p_total_w"":{""N"":""2100""},""kwh_total"":{""N"":""920""},""freq_hz"":{""N"":""50""},""i1"":{""N"":""3.21""},""i2"":{""N"":""3.105""},""i3"":{""N"":""3.32""},""v1"":{""N"":""228.4""},""v2"":{""N"":""229.1""},""v3"":{""N"":""227.9""},""slave_id"":{""N"":""11""}}},{""M"":{""p_total_w"":{""N"":""7500""},""kwh_total"":{""N"":""4800""},""freq_hz"":{""N"":""50""},""i1"":{""N"":""12.45""},""i2"":{""N"":""12.11""},""i3"":{""N"":""12.78""},""tariff"":{""M"":{""kwh_t1"":{""N"":""4100""},""kwh_t2"":{""N"":""700""}}},""v1"":{""N"":""228.4""},""v2"":{""N"":""229.1""},""v3"":{""N"":""227.9""},""slave_id"":{""N"":""12""}}},{""M"":{""p_total_w"":{""N"":""6000""},""kwh_total"":{""N"":""3600""},""freq_hz"":{""N"":""50""},""i1"":{""N"":""9.2""},""i2"":{""N"":""8.95""},""i3"":{""N"":""9.41""},""v1"":{""N"":""228.4""},""v2"":{""N"":""229.1""},""v3"":{""N"":""227.9""},""slave_id"":{""N"":""13""}}}]","{""ts_epoch_ms"":{""N"":""1775861213000""}}"
"ESP32-DUMMY-002","1775861273000","[{""M"":{""temperature_c"":{""N"":""22""},""slave_id"":{""N"":""21""},""status"":{""S"":""ok""}}}]","{""client_email"":{""S"":""example@paradise.com""},""site_id"":{""S"":""2""},""client_name"":{""S"":""Paradise Resort""},""client_id"":{""S"":""001""}}","{""firmware"":{""S"":""paradise-esp32-dummy-site2-1.0""},""gateway_id"":{""S"":""ESP32-DUMMY-002""}}","{""status"":{""S"":""off""},""relay_on"":{""BOOL"":false}}","[{""M"":{""mppt_kw"":{""L"":[{""N"":""4.8""},{""N"":""4.6""},{""N"":""4.7""},{""N"":""4.4""}]},""p_total_kw"":{""N"":""18.5""},""battery_current_a"":{""N"":""8.2""},""battery_soc"":{""N"":""58""},""slave_id"":{""N"":""1""},""status"":{""S"":""running""},""battery_status"":{""S"":""charging""}}}]","[{""M"":{""slave_id"":{""N"":""30""},""irradiance_w_per_m2"":{""N"":""650""}}}]","[{""M"":{""p_total_w"":{""N"":""2100""},""kwh_total"":{""N"":""920""},""freq_hz"":{""N"":""50""},""i1"":{""N"":""3.21""},""i2"":{""N"":""3.105""},""i3"":{""N"":""3.32""},""v1"":{""N"":""228.4""},""v2"":{""N"":""229.1""},""v3"":{""N"":""227.9""},""slave_id"":{""N"":""11""}}},{""M"":{""p_total_w"":{""N"":""7500""},""kwh_total"":{""N"":""4800""},""freq_hz"":{""N"":""50""},""i1"":{""N"":""12.45""},""i2"":{""N"":""12.11""},""i3"":{""N"":""12.78""},""tariff"":{""M"":{""kwh_t1"":{""N"":""4100""},""kwh_t2"":{""N"":""700""}}},""v1"":{""N"":""228.4""},""v2"":{""N"":""229.1""},""v3"":{""N"":""227.9""},""slave_id"":{""N"":""12""}}},{""M"":{""p_total_w"":{""N"":""6000""},""kwh_total"":{""N"":""3600""},""freq_hz"":{""N"":""50""},""i1"":{""N"":""9.2""},""i2"":{""N"":""8.95""},""i3"":{""N"":""9.41""},""v1"":{""N"":""228.4""},""v2"":{""N"":""229.1""},""v3"":{""N"":""227.9""},""slave_id"":{""N"":""13""}}}]","{""ts_epoch_ms"":{""N"":""1775861273000""}}"
"ESP32-DUMMY-002","1775861333000","[{""M"":{""temperature_c"":{""N"":""22""},""slave_id"":{""N"":""21""},""status"":{""S"":""ok""}}}]","{""client_email"":{""S"":""example@paradise.com""},""site_id"":{""S"":""2""},""client_name"":{""S"":""Paradise Resort""},""client_id"":{""S"":""001""}}","{""firmware"":{""S"":""paradise-esp32-dummy-site2-1.0""},""gateway_id"":{""S"":""ESP32-DUMMY-002""}}","{""status"":{""S"":""off""},""relay_on"":{""BOOL"":false}}","[{""M"":{""mppt_kw"":{""L"":[{""N"":""4.8""},{""N"":""4.6""},{""N"":""4.7""},{""N"":""4.4""}]},""p_total_kw"":{""N"":""18.5""},""battery_current_a"":{""N"":""8.2""},""battery_soc"":{""N"":""58""},""slave_id"":{""N"":""1""},""status"":{""S"":""running""},""battery_status"":{""S"":""charging""}}}]","[{""M"":{""slave_id"":{""N"":""30""},""irradiance_w_per_m2"":{""N"":""650""}}}]","[{""M"":{""p_total_w"":{""N"":""2100""},""kwh_total"":{""N"":""920""},""freq_hz"":{""N"":""50""},""i1"":{""N"":""3.21""},""i2"":{""N"":""3.105""},""i3"":{""N"":""3.32""},""v1"":{""N"":""228.4""},""v2"":{""N"":""229.1""},""v3"":{""N"":""227.9""},""slave_id"":{""N"":""11""}}},{""M"":{""p_total_w"":{""N"":""7500""},""kwh_total"":{""N"":""4800""},""freq_hz"":{""N"":""50""},""i1"":{""N"":""12.45""},""i2"":{""N"":""12.11""},""i3"":{""N"":""12.78""},""tariff"":{""M"":{""kwh_t1"":{""N"":""4100""},""kwh_t2"":{""N"":""700""}}},""v1"":{""N"":""228.4""},""v2"":{""N"":""229.1""},""v3"":{""N"":""227.9""},""slave_id"":{""N"":""12""}}},{""M"":{""p_total_w"":{""N"":""6000""},""kwh_total"":{""N"":""3600""},""freq_hz"":{""N"":""50""},""i1"":{""N"":""9.2""},""i2"":{""N"":""8.95""},""i3"":{""N"":""9.41""},""v1"":{""N"":""228.4""},""v2"":{""N"":""229.1""},""v3"":{""N"":""227.9""},""slave_id"":{""N"":""13""}}}]","{""ts_epoch_ms"":{""N"":""1775861333000""}}"
"ESP32-DUMMY-002","1775861393000","[{""M"":{""temperature_c"":{""N"":""22""},""slave_id"":{""N"":""21""},""status"":{""S"":""ok""}}}]","{""client_email"":{""S"":""example@paradise.com""},""site_id"":{""S"":""2""},""client_name"":{""S"":""Paradise Resort""},""client_id"":{""S"":""001""}}","{""firmware"":{""S"":""paradise-esp32-dummy-site2-1.0""},""gateway_id"":{""S"":""ESP32-DUMMY-002""}}","{""status"":{""S"":""off""},""relay_on"":{""BOOL"":false}}","[{""M"":{""mppt_kw"":{""L"":[{""N"":""4.8""},{""N"":""4.6""},{""N"":""4.7""},{""N"":""4.4""}]},""p_total_kw"":{""N"":""18.5""},""battery_current_a"":{""N"":""8.2""},""battery_soc"":{""N"":""58""},""slave_id"":{""N"":""1""},""status"":{""S"":""running""},""battery_status"":{""S"":""charging""}}}]","[{""M"":{""slave_id"":{""N"":""30""},""irradiance_w_per_m2"":{""N"":""650""}}}]","[{""M"":{""p_total_w"":{""N"":""2100""},""kwh_total"":{""N"":""920""},""freq_hz"":{""N"":""50""},""i1"":{""N"":""3.21""},""i2"":{""N"":""3.105""},""i3"":{""N"":""3.32""},""v1"":{""N"":""228.4""},""v2"":{""N"":""229.1""},""v3"":{""N"":""227.9""},""slave_id"":{""N"":""11""}}},{""M"":{""p_total_w"":{""N"":""7500""},""kwh_total"":{""N"":""4800""},""freq_hz"":{""N"":""50""},""i1"":{""N"":""12.45""},""i2"":{""N"":""12.11""},""i3"":{""N"":""12.78""},""tariff"":{""M"":{""kwh_t1"":{""N"":""4100""},""kwh_t2"":{""N"":""700""}}},""v1"":{""N"":""228.4""},""v2"":{""N"":""229.1""},""v3"":{""N"":""227.9""},""slave_id"":{""N"":""12""}}},{""M"":{""p_total_w"":{""N"":""6000""},""kwh_total"":{""N"":""3600""},""freq_hz"":{""N"":""50""},""i1"":{""N"":""9.2""},""i2"":{""N"":""8.95""},""i3"":{""N"":""9.41""},""v1"":{""N"":""228.4""},""v2"":{""N"":""229.1""},""v3"":{""N"":""227.9""},""slave_id"":{""N"":""13""}}}]","{""ts_epoch_ms"":{""N"":""1775861393000""}}"
"ESP32-DUMMY-002","1775861453000","[{""M"":{""temperature_c"":{""N"":""22""},""slave_id"":{""N"":""21""},""status"":{""S"":""ok""}}}]","{""client_email"":{""S"":""example@paradise.com""},""site_id"":{""S"":""2""},""client_name"":{""S"":""Paradise Resort""},""client_id"":{""S"":""001""}}","{""firmware"":{""S"":""paradise-esp32-dummy-site2-1.0""},""gateway_id"":{""S"":""ESP32-DUMMY-002""}}","{""status"":{""S"":""off""},""relay_on"":{""BOOL"":false}}","[{""M"":{""mppt_kw"":{""L"":[{""N"":""4.8""},{""N"":""4.6""},{""N"":""4.7""},{""N"":""4.4""}]},""p_total_kw"":{""N"":""18.5""},""battery_current_a"":{""N"":""8.2""},""battery_soc"":{""N"":""58""},""slave_id"":{""N"":""1""},""status"":{""S"":""running""},""battery_status"":{""S"":""charging""}}}]","[{""M"":{""slave_id"":{""N"":""30""},""irradiance_w_per_m2"":{""N"":""650""}}}]","[{""M"":{""p_total_w"":{""N"":""2100""},""kwh_total"":{""N"":""920""},""freq_hz"":{""N"":""50""},""i1"":{""N"":""3.21""},""i2"":{""N"":""3.105""},""i3"":{""N"":""3.32""},""v1"":{""N"":""228.4""},""v2"":{""N"":""229.1""},""v3"":{""N"":""227.9""},""slave_id"":{""N"":""11""}}},{""M"":{""p_total_w"":{""N"":""7500""},""kwh_total"":{""N"":""4800""},""freq_hz"":{""N"":""50""},""i1"":{""N"":""12.45""},""i2"":{""N"":""12.11""},""i3"":{""N"":""12.78""},""tariff"":{""M"":{""kwh_t1"":{""N"":""4100""},""kwh_t2"":{""N"":""700""}}},""v1"":{""N"":""228.4""},""v2"":{""N"":""229.1""},""v3"":{""N"":""227.9""},""slave_id"":{""N"":""12""}}},{""M"":{""p_total_w"":{""N"":""6000""},""kwh_total"":{""N"":""3600""},""freq_hz"":{""N"":""50""},""i1"":{""N"":""9.2""},""i2"":{""N"":""8.95""},""i3"":{""N"":""9.41""},""v1"":{""N"":""228.4""},""v2"":{""N"":""229.1""},""v3"":{""N"":""227.9""},""slave_id"":{""N"":""13""}}}]","{""ts_epoch_ms"":{""N"":""1775861453000""}}"
"ESP32-DUMMY-002","1775861513000","[{""M"":{""temperature_c"":{""N"":""22""},""slave_id"":{""N"":""21""},""status"":{""S"":""ok""}}}]","{""client_email"":{""S"":""example@paradise.com""},""site_id"":{""S"":""2""},""client_name"":{""S"":""Paradise Resort""},""client_id"":{""S"":""001""}}","{""firmware"":{""S"":""paradise-esp32-dummy-site2-1.0""},""gateway_id"":{""S"":""ESP32-DUMMY-002""}}","{""status"":{""S"":""off""},""relay_on"":{""BOOL"":false}}","[{""M"":{""mppt_kw"":{""L"":[{""N"":""4.8""},{""N"":""4.6""},{""N"":""4.7""},{""N"":""4.4""}]},""p_total_kw"":{""N"":""18.5""},""battery_current_a"":{""N"":""8.2""},""battery_soc"":{""N"":""58""},""slave_id"":{""N"":""1""},""status"":{""S"":""running""},""battery_status"":{""S"":""charging""}}}]","[{""M"":{""slave_id"":{""N"":""30""},""irradiance_w_per_m2"":{""N"":""650""}}}]","[{""M"":{""p_total_w"":{""N"":""2100""},""kwh_total"":{""N"":""920""},""freq_hz"":{""N"":""50""},""i1"":{""N"":""3.21""},""i2"":{""N"":""3.105""},""i3"":{""N"":""3.32""},""v1"":{""N"":""228.4""},""v2"":{""N"":""229.1""},""v3"":{""N"":""227.9""},""slave_id"":{""N"":""11""}}},{""M"":{""p_total_w"":{""N"":""7500""},""kwh_total"":{""N"":""4800""},""freq_hz"":{""N"":""50""},""i1"":{""N"":""12.45""},""i2"":{""N"":""12.11""},""i3"":{""N"":""12.78""},""tariff"":{""M"":{""kwh_t1"":{""N"":""4100""},""kwh_t2"":{""N"":""700""}}},""v1"":{""N"":""228.4""},""v2"":{""N"":""229.1""},""v3"":{""N"":""227.9""},""slave_id"":{""N"":""12""}}},{""M"":{""p_total_w"":{""N"":""6000""},""kwh_total"":{""N"":""3600""},""freq_hz"":{""N"":""50""},""i1"":{""N"":""9.2""},""i2"":{""N"":""8.95""},""i3"":{""N"":""9.41""},""v1"":{""N"":""228.4""},""v2"":{""N"":""229.1""},""v3"":{""N"":""227.9""},""slave_id"":{""N"":""13""}}}]","{""ts_epoch_ms"":{""N"":""1775861513000""}}"